Patient_ID,TP53,BRCA1,BRCA2,EGFR,KRAS,MYC,PTEN,RB1,APC,VHL,CDKN2A,PIK3CA,BRAF,NRAS,ERBB2,ALK,RET,MET,FGFR1,FGFR2,CDK4,CDK6,CCND1,CCNE1,MDM2,BCL2,BAX,CASP3,CASP9,FAS,VEGFA,VEGFR2,HIF1A,STAT3,JAK2,NOTCH1,WNT1,CTNNB1,SMAD4,TGFB1,ATM,CHEK2,MLH1,MSH2,PALB2,RAD51,NF1,TSC1,TSC2,STK11
P001,2.6212291718988054,2.2948436168992514,2.2851513172613416,3.1624878706935817,2.6027720371848555,2.000661885802371,3.6041512030688736,3.0300498109017555,2.0449928104412125,2.728821130591628,2.7477876958860787,2.4871994672666315,2.623616232252461,1.4720548825828057,1.6605238048789814,2.0653271679968226,1.3621595881170836,3.2697770394580563,2.092585461999215,1.9132923288691153,0.732824384460777,-0.11288815024326783,0.03376410234396192,-0.7123740931067284,-0.27219136226259133,0.05546129485493304,-0.5754967887111514,0.18784900917283598,-0.3003193449594025,-0.1458468748966384,-0.30085330611469846,0.9261390922544689,-0.0067486123689669605,-0.5288554644779502,0.4112724560515945,-0.6104218249855111,0.1044317975023777,-0.9798350619398878,-0.6640930244492153,0.09843061793456176,0.3692332899977052,0.08568414059498525,-0.057824141194120264,-0.1505518477946444,-0.7392609951837137,-0.3599221041973543,-0.23031938547989375,0.5285611131094579,0.1718091447842307,-0.881520077681367
P002,2.6446696597343253,2.0869238195744653,2.105761655562389,2.3260197157621407,3.698625710663967,2.5952864600313807,1.7708013532345268,2.2133160507584724,3.0520544331574953,2.9921252633399757,1.8895721422682163,2.783472019895293,2.1661327010326303,2.0634271751246005,3.120983183548351,3.8964285844601467,3.1195234077206666,2.7957518460450235,3.1679835103671627,2.292390579625108,0.18069780275420697,0.7690182832329846,-0.01791301955497577,0.7823218279070031,-1.3098725520448722,0.4109512521876119,0.04352353411908561,-0.14950367523293373,0.04588038826775115,-0.9937844573004464,-0.10983594391875597,0.1785562857558732,0.738947022370758,-0.2591351091368237,-0.4042468014465938,-0.25087852179226827,0.45770105885103707,0.16437555482984223,-0.2648801018835194,0.25663371655667805,0.048538774674020194,0.4843224952664446,-0.3510265469386762,-0.1638310732988841,-0.19605407656607882,-0.7317574740660593,0.14806013853228803,0.13052763608994467,0.002556728321230445,-0.11729356668757346
P003,1.9420433738161176,1.781996089124322,2.2775270121201565,1.8550142882882212,2.667774788634988,3.023349578528111,2.820747045300372,2.5806784472146385,2.965333646799658,2.4067733534228832,1.7593334858511889,2.5920927025635168,2.632613174556301,3.6502265628221537,2.038845276368726,2.314314626939298,2.6954498694839737,1.9214984578458987,3.029857733875343,2.7487995036466812,0.39551597352152346,-0.45469372739736946,0.7013971554680496,-0.7009255313961404,0.29342854690013515,1.0952278129049893,-0.49526816256534417,-0.28314886480138596,0.04982568254382061,-0.2517378270580996,-0.7753317155330663,0.034281487403013663,-0.5311518568630524,0.2367962153175908,-0.4597121171169016,0.7749672025087697,-0.39162664616811854,-0.1610307581028378,0.4067586086848349,-0.6154321582169776,0.11372996730206471,0.653571377141214,-0.8037416172806138,0.0923169292661521,0.12994139712421177,0.3909114358886552,-0.618475355439041,-0.6602283065421382,0.2609707828084488,0.14849233661659303
P004,2.5336897715287128,2.9872976430949296,2.059414414650347,2.213807434590031,2.869631769311393,2.0813612918274007,3.4423060152322114,3.219189952375747,1.8981800841935237,2.9150319062525325,1.6589821174968418,2.8276414661659377,3.262155603066282,1.6230467206717722,3.041941592556874,2.7366277852616907,2.923416316673477,3.7595441609244467,2.4776374964531214,2.5665534873281883,-0.44475721481276165,-0.40790514248271914,-0.0385508547070521,0.17057598740832194,0.13834539966500953,0.4135916245180119,0.00650094593895351,0.7267670385786584,-0.13232841661897804,1.3600845832948094,0.3128336738825031,-0.4285787782081413,-0.5354462490305562,0.24123620762159265,-0.11173139266292545,0.357000247046046,0.23661881228677242,-0.03641445632843639,-0.4233968590342025,-0.7574236123429323,-0.22325747603351054,0.42819939716173616,0.10704687206510198,-0.622869389355994,0.086590462925591,0.1926586898644184,-0.4419287181005665,0.07686255297276395,0.029104359222999948,-0.5714851489153115
P005,2.3808168254959305,2.8211696333496215,3.066865657504623,2.7061246778909274,2.098053816648858,2.728489471798284,2.7524158112591808,2.9083993019382346,2.782879385897622,4.212290344355208,2.239217172005979,2.8560507751616897,2.559413367461082,3.3369262490706344,2.307832469502855,2.7757088115324824,2.380333540167556,2.045065365773229,2.0272590146840828,2.5613587504677477,1.1573292833367543,-0.933632596295874,0.34313009518725673,-0.8063579355948258,-0.23596593289471673,0.544475298483683,0.032140009547731385,-0.5388723889646531,-0.3576518546299841,0.3397988744673379,-0.36518331585856834,0.10822929479098743,0.022785919951906892,-0.32580017380290854,1.0719720446626628,0.3169595111590056,-1.0125712933288036,0.09322715738471382,-0.330893232384194,0.426216667398112,-0.3962603692163503,-0.05736822073344951,0.25249363949022857,0.43287759708506074,-0.6001482035278881,-0.1672506179204742,-0.2374726555804781,-0.32666461628685595,0.8827271201405484,0.20249085548047777
P006,2.1781887202595214,3.1094364870780247,3.6355756412610813,3.0396679508463786,1.8603857736810256,2.3183788351056505,2.8244638921602307,2.1599890336805547,2.399803116397788,2.911641789584915,1.8923403817644862,3.2320518088039583,0.86739801483995,1.5665343094543784,2.3334618611003424,2.0319160327089416,3.818214835811575,1.608093591038068,1.805249364444416,2.8104213920723398,0.7206366445330578,-0.7179310755897197,0.5815818760774798,0.0051165305097935244,-0.49075432552397547,0.23105173713163538,0.09952984778673502,-0.30010843857939734,0.03490104249500946,-0.1926567984308801,0.05675867262562402,0.33106533726052334,0.793008408072676,-0.6189077494134245,1.0665166873281333,-0.9760438997612509,-0.07589254751779166,0.29415860324228826,0.14049593386751633,-0.3113497599102969,-0.10406112517863761,-0.2465004673294164,-0.29468237847210577,0.4248010485105123,0.17850774298252367,-0.3464547976303271,0.44979993771662535,0.15364976043830467,0.40643105941948005,0.3148144209618061
P007,1.6713228827690685,2.0890628474492696,2.7963606569083326,2.7842950967267,2.6962985401402264,2.3535734069684744,3.056713672244184,2.199933199697268,2.818428077840655,2.42825182619543,2.5219611309531635,3.302540278886116,3.0304984091893057,3.042830475053085,2.6780724535532214,2.5255702305660837,2.9848287500479644,2.5635489800744073,2.454377943974083,2.237216690349564,0.048497982496359095,0.2975785127184568,-0.40911034161673626,1.0461936378427301,-0.503008690749851,-0.6070943063938661,0.5790554367500339,0.39583134698146794,0.31205990852607757,0.31417275463213995,-0.0061233864234573115,-0.44862718574291577,0.03790227909686317,-0.33858085575605584,0.4875598667088756,-0.07352869075106933,-0.4127485983962558,-0.16069292082649672,0.20646572713781217,-0.28186227640198736,-0.4111101977832157,0.12184360574595615,0.12248328555436139,-0.2534715876855649,-0.2355191528091614,0.11602496867881815,-0.7240421707486621,-0.7037318871882776,-0.359222110626218,-0.10672357585592362
P008,2.483223580213923,3.398602278442179,3.2389941280782724,2.297792702830806,2.7628805901367706,2.035779260430474,2.453457698855074,2.29225541159454,2.885342689549692,2.1840578732599596,3.4424208854148772,3.010702063602092,2.601050436380564,2.5420955581060167,2.584285899758963,2.29612962294659,2.6532519847273193,3.381748266908925,2.4935943045694553,1.7744414892268618,0.012255087129471357,0.24899914562272488,0.7255718038975209,0.47963541304260343,1.0765912287557782,-0.38367378144402475,0.4361603183603391,0.09167100286917587,1.0949014666088361,-0.40414914267757573,-0.41986092109038803,-0.2996963227220111,-1.0619478621549034,-0.2628775108403805,-0.379566330776849,0.07519689323810382,0.17087798788857972,0.9380854196079431,0.4752119190930251,-0.28845182783120155,-0.449207335674179,0.24595958575325286,-0.6601166035103211,0.9157293829271769,0.5897200603606435,-0.2345878260523524,-0.8565672645454387,0.6769361870827064,-0.05726992262630894,0.6189081559867309
P009,1.7846893858511321,1.5779204772592033,2.475034815077812,2.528297881570919,2.5133473791439416,3.103511641002103,1.8151188996363876,2.3836260531003735,2.3303115666727483,2.4188006505870665,2.948775872858635,1.5556032895020855,1.60855484446063,2.840286222979483,2.8310619618768738,2.6661857615016693,2.885099592920262,2.0019317722771586,3.052182526426893,2.538468579492382,1.0303739624409936,0.8776704212216022,-0.12448207423953675,0.4857854754771777,0.3226879747925738,0.6843157787661743,-0.48246173029005224,0.34302572999921965,0.5292122434247939,-0.8793697432115571,-0.5916292563328875,-1.0196160888800503,-0.13470341722227888,0.35877112789798116,0.751178526048014,0.03704739020988759,0.8143077727856459,-0.6900507291074457,-0.8516912196775773,-0.02777384944830939,0.19203272446965364,-0.016347374047046555,-1.0337210500199383,-0.044560019756394204,-0.6522347502524266,0.33483627441501923,0.18329912304842413,-0.4699398931636776,-0.25693345866834677,-0.5296067609444758
P010,2.5342582433906036,2.843675005680316,1.9469451871845984,2.8622763809211027,2.547000458607231,1.5170489527733428,2.3358029883132825,2.046521476972632,1.9477825159431879,2.4204119432357656,3.2917396023895735,2.5052439698836793,2.316943875056394,2.429604518726543,1.88986406081326,2.2609188421584285,3.1159155167998245,2.777685316988111,1.9808191357570428,2.4897925425284764,-0.137525848575822,-1.1509605823677924,-0.7575955310992761,0.6834371337222623,0.8224838567506418,-0.12451801977818916,0.2882784815278832,0.15562507727176805,1.5394404042276189,0.5597874557172884,-0.06395879574038327,-0.4777702203002129,-0.8032231601287863,0.10173181793361155,-0.3781753726421517,-0.7111268547988371,-0.3232864421212633,-0.5407740018071975,0.8435708175362824,0.44081987847472526,-0.003986320658308686,0.7399720694450129,0.03868415382380915,-0.43064210066413183,0.7615620386348286,0.26945502184232933,-0.5186230771632282,-0.0951693390418041,-0.4378091266923786,-0.691399865482168
P011,2.863856304958905,3.30166007614,1.8455530399894222,3.0127096812309215,2.8891927749588504,2.5046081404148786,2.5517550277970686,1.9162147554637352,2.2165003821815703,2.103224346680218,2.6673793874677982,2.151327122866052,2.327937617595591,2.1660134494949403,2.3197323532212577,3.0289819689281594,2.8377480128534236,1.8591197798197077,2.39549596471996,2.516008142287732,-0.8347026405606859,0.2716800961899675,-0.33131187947292334,0.28529933429657967,-0.38162957827125843,-0.9024410503322595,-0.8137712189415813,0.024042473330690997,0.12986125086074093,-0.4521583125522043,0.31929622938868696,-0.8307600311344799,-0.033039899323658285,-0.6055080998812283,-0.3259180539010796,0.023699335658207008,-0.4302066826419762,-0.19227777211491268,0.5031464046072203,-0.2884459347615744,0.4178460560325709,-0.564853427328809,0.2649020889576414,0.7207843103289502,-1.2358222500636447,-0.3984476277352384,0.28853606359027,-0.10152269302149634,0.18557293668565442,-0.3019925933579103
P012,3.0787274054919784,2.426196491689748,3.016435114091448,2.348572797214869,3.5494987017359345,1.9720631072718977,2.1275425102819314,2.408471956976008,2.8772899609124316,2.5768873761545734,3.1871699807789855,3.689547695960933,2.618753111725846,2.259904696379545,3.1929566728361376,2.9164301259409715,1.061596088883784,2.356729796108866,1.6185783503509972,2.5755924185481898,0.00920918959477585,0.8382186561376413,0.16346368688208132,-0.10955026440443212,0.4147027905917446,-1.1055676545039426,0.11780727905428297,0.3854325969434834,-0.7392931228899208,0.5718770216034645,0.16924820374720706,-0.20764395695040064,0.3163909330531424,1.135346428902198,0.09093312752924758,0.12411029315016804,-0.22968044977012206,-0.4249221847323959,0.4151679082721228,-0.4280419129544336,0.035783118609696234,-0.23882872338255834,0.23948991287319593,0.16683105264347414,0.5187699721289496,-0.2550081994273735,-0.13493746764668563,-0.4893818578911537,-0.2221466300380558,0.1886502465224261
P013,2.8478958933318967,1.7861875488732897,3.1600647938732296,3.374148237534162,2.998334541333767,3.4344065156654424,1.9331587934522585,1.4100365498371392,1.8564518559896825,3.3751890004777874,2.537448038317841,2.3106355625557855,2.499956669574478,1.492360146756086,3.477571270826873,2.2244614839457073,2.4309536937360656,2.6412740624504774,2.252403139608332,3.21871908131041,-0.39523722772265596,0.23573417856799786,0.9410122482375168,0.6727100230774888,0.7965933133196985,-0.2556078382155926,-0.49480241012929044,-0.06289346004982407,0.027862456144347302,0.5470957592354743,-0.8462323148574097,0.7647751597303069,-0.07900394928949471,-0.21344053497371002,-0.5060521876300837,-0.8274283359328847,0.4115852919809573,0.036658983594201944,-0.6449804498705269,-0.647539386031808,-0.1678923496450641,0.8345107626446965,-0.1297956756818024,-0.7515714765590531,-0.12287153204297216,-0.13636178487383524,-1.3484433214707858,-0.027147433258906103,-0.11546726510433898,0.3481031824067092
P014,3.800240266781442,2.829576688317883,2.4472820737186676,2.0719765725755535,4.144005658056973,2.2840277090092203,2.834596681151201,2.3235658651829176,2.1982836591333434,2.6450607618323776,2.60039652379661,3.0029432214390095,2.123705785364937,2.4379635199573544,2.020636735523358,2.788222727003158,1.9313645259201973,2.873165561581775,0.9417526488535488,3.0694426396616565,0.6230425962488145,-1.0366951162040747,-0.17134379704017438,-0.18572043299789573,-0.7037558473589106,-0.38890834379543765,-0.5552879227329144,0.8761352217118114,0.4678391965737306,0.6357775474970794,0.36083603202161757,-0.5645258856086146,-0.26226013313988683,0.24468728061395903,-0.6110639044459727,0.35649921508619403,-0.12016269907906751,-0.18741040377479876,0.35547998410174575,0.22213165574301988,-0.18048308290953996,0.579664901682124,-0.5405316637999487,0.3079678034721319,0.2965506289841919,-0.15477321965699514,0.163066511121059,-0.6255567881926515,0.4620135096034505,-0.09245106822149451
P015,2.0463141097789737,3.222220916092471,2.4558965402059947,1.9756426141918269,2.2073217051363088,2.927752964509423,1.4947163106498083,3.7864100450536844,1.2774884253763399,3.62135373405069,3.077628998567841,2.5886498472839237,1.7786928126461303,2.4241044072230977,2.878005988853116,3.0009141353154156,2.5809858848136695,2.8027982055800216,2.527090752517169,2.5551671318551046,0.1539008844460296,-0.8550841963283128,-0.6740927110528565,0.3716320470113575,0.08543271906397093,-0.09199166817633957,0.00921696653269658,0.17379085268083552,-0.26987984015468075,-0.38915236270115633,0.09792262754884078,-0.489186388807516,0.20412637785723592,-0.8512918021189202,0.5145778186628218,0.2362987412065215,0.12801486715693783,0.49134549197275695,0.8327372222312883,0.5071850325090652,-0.9204371156658226,-0.6397884833678508,-0.3124092888478394,0.013045525105416893,0.2588295102345615,-0.3628719065767328,0.09338338223853916,-0.3776914661766613,-0.3057589014959741,-0.7033305484241111
P016,1.975782865578408,1.7303571634721262,2.269433021098737,3.192891757624258,1.9481105553986915,4.140824726316637,2.7079487159015097,2.336919409547119,1.8431299002383899,2.5565326888115663,2.130458081900007,2.9311221908235385,3.538513714825245,2.508512778443106,2.877629859454614,2.070319075055625,2.0294933911559436,3.3192388490707936,2.128404857164628,3.5683106622091727,0.3538759677277377,-0.2812333879471338,0.3162038695277605,0.48627722481336494,0.3109049811085982,-0.7851123599452282,-0.3635685879124343,-0.12375931777575237,-0.03721671455002314,0.310336048775339,0.08885050046662692,-0.6676721793550506,0.1900989255029816,0.3052928726419116,0.2798952239655199,0.5403903627773109,0.41696107727445203,0.22959003961421834,-0.035082855729323514,-0.8304804667579957,0.21480910956629293,0.10384384358155557,0.13578941859768673,-0.6383742879101547,-0.5405282702041312,0.5265764266664518,-0.01977757692832752,0.3407503486863122,0.014159188065230586,0.014878069747872594
P017,3.0361261769646104,1.8824599984056996,2.8733198616835547,2.3319532677140775,2.342269941437088,2.342659232250139,2.4557396516501906,2.325966391092879,3.2705545935653353,1.5286276414865816,2.244935926715492,2.203650379741836,3.30034012388515,2.956270690033925,2.7844000253552825,1.6078312594361612,2.4797648997406645,2.704357120780356,2.4369860461040336,3.263980853529067,-0.2586442250501861,0.70467372009279,1.1494490618096251,-0.18141928021982953,-0.2227512607003859,0.7266922385588505,0.7897860728653562,-0.26143001357663415,-0.21009340854792863,-0.1408923044302536,-0.6722252555171385,-0.4593259732420991,-0.5020703833760339,-0.3838987825520642,-0.01734244369339059,0.11710736626826038,0.7752502464070384,-0.4991770203693955,0.4921611992382919,-0.10699442211275448,-0.024731854826216475,0.3374097460833019,-0.5613610107811493,0.1912048730920253,0.08322610410652805,0.24622563200407455,0.14458432195390905,1.2276500699554471,-0.318869992125658,-0.2654984775009088
P018,1.8722790881783142,2.3506057589657434,1.6707357673412404,2.9261068666211143,3.1114053339295316,2.7170847549994814,2.001381522022079,2.0753347361579264,1.6242218058011395,2.8266747847817597,2.785592767162622,1.85476469978956,3.3240236324053276,3.746616715799461,2.031728288536667,2.5746223868400553,2.1533282298545275,2.3957440451120924,2.2871597178568703,3.4226486791822373,-0.0884736137470247,-0.39914862226922687,-0.6896596140072636,-0.36546501997095954,-0.016563486436898547,0.8972789317588938,-0.2588056495180857,0.11189397581944925,-0.008211448036376037,0.594196636724042,1.2634662129368108,-0.2654343864601603,-0.24471972125911107,0.522080438534536,0.3409457448131557,0.9233536628680168,0.29196409266298196,-0.17964604539352977,0.29532741534615464,0.5543517902914539,0.410241090598682,0.25363701555364887,0.533337344794577,0.5846477952228364,0.6910794955187636,0.3243549437948213,-0.08355904015842718,0.07335684321666142,0.6032544832541784,-0.40846783549361804
P019,2.6704582892565476,2.3375610415042756,2.5329374173335495,2.860959932060131,2.5384772806859868,2.07398427349635,2.2290406220497156,2.78203896114421,2.6760762548574304,4.058309460185955,1.9734369224587307,2.2718990296223787,2.2958257443948082,3.268365225371893,2.5818417226978028,2.86141340332052,3.57554685010676,1.91847482531795,2.4594038694620606,2.4299058246774843,0.536815874929886,-0.5132576497055301,0.066484837073438,-0.3500604074695866,0.5975233144624212,-0.7615934523918874,-0.27946092363579417,0.18860593753226043,0.7827620146171702,-0.0328751305364939,-0.2775997633465992,0.9405785347202951,-0.724006950208122,-1.099402978310041,0.2200072250266662,-0.2510271121763056,-0.5106164085653566,0.35417822364967666,0.12190035688559941,-0.2820393153683642,-0.6401521993354472,0.43622866414007233,0.3251005889793305,-0.049587931889691454,0.9233184980238329,-0.5350423831630763,-0.7627625854623694,-0.3459540349406222,-0.022793008177748902,0.12166972466134592
P020,2.203457426405203,2.4900960597809854,1.6015993866623859,3.7272397524176655,2.711613608907886,3.065606709361276,3.0766673989349522,2.274617919987229,2.3856721007168242,2.070463960350251,2.6115370178967856,3.213085823077641,2.6291181582304355,2.89930445211222,2.031815103536562,3.461005030508943,2.2336921044420643,3.6203865008952074,1.9120923714008127,1.8780597065803128,0.06405220745539464,-0.3405258287374404,0.42032177449436203,-0.32631198965119546,-0.22309171660738986,-0.9447703654727655,-0.22615315962453836,-1.2119396633144783,-0.7919514117428617,0.3802073280721487,0.3929000793254161,0.21272878089248237,-0.4834880715646065,-0.023855678070989927,-0.0018012695452842022,-0.5791823445962714,0.7516991508835753,0.4386811452878357,-0.11048208691483197,0.01344291949726539,0.10419140397377624,-1.0208674342121453,-0.12358869126029846,-0.3409921239988993,-0.5008100049474578,-0.14055014644297745,0.8988432634247613,0.3204214306335049,-0.2855894948913984,0.2862913906780793
P021,2.843348146317743,2.843119865690976,2.690124654551002,2.203859693023987,2.5936496628729993,2.6986246395662,2.488136015440773,3.1626661196104737,2.9631911518107925,2.5679473774963135,3.00073752668835,2.441727005824225,3.308374400321279,2.418258270463139,3.155152554384082,2.792334021455877,2.059555278891989,1.6652680930053534,2.1687321255669003,2.3583505088921037,0.2614177440177498,-0.2868500019692895,-0.01217729613049142,1.0711351793059318,0.8637715850503557,0.21816183483701604,0.019001739084100144,0.06001566335913065,0.3067589863652083,-0.5113962825992028,-0.12868826871167255,-0.8342920369387947,0.19961156130263963,0.3235979698513705,-0.241593231149687,0.7869933816450164,-0.6128828315011706,-0.7321874401049101,0.11222590927998602,0.5235491513060773,0.8419638457289343,-0.22944213143447,0.5393404167156478,-0.019254234750353604,-0.08631364997040981,0.4418299687433362,0.3261614392067098,-0.7881960784921247,0.7382701748629479,0.6900456770737258
P022,2.1973894663499367,2.3407794460163576,3.0248076233557546,2.6030141248060454,2.1715686246496686,2.3609559573672487,2.7763950447270362,3.0803348840987868,2.540439987432429,1.7825019491233083,2.6800344282136184,0.8905650156905738,3.1065000860837406,1.526599046269542,2.5251594209138624,1.756270071305721,1.8355469120836645,3.4356096266483265,2.368696963530544,2.6552406783587887,-0.023460289439592035,0.23852041361156073,0.03841094553012768,-0.6414961120942848,0.49813340972357,-0.24687829158065625,-0.7782909493298755,-0.21405758048295626,0.7503798953171554,0.42511087105674644,-0.1743260672039296,-0.1746288521592144,-0.1608175256086913,1.0383739917804204,0.19096772611577667,0.21502082359553482,0.5151417270159211,0.11939457951325676,-0.12952107291035156,-0.09817492454248913,-0.035800629707031975,-0.018611118254920796,0.3638147718184899,0.025972942903649716,0.3663200386077896,-0.04035829005429116,0.039317595158045296,-0.9991003422660538,0.4581638373512407,0.17324423794899635
P023,2.8184217223492727,0.8619028918886624,3.2890033765047795,2.267903126187543,3.2807911599920523,1.9134805550495537,2.4014550317169157,2.503743006331107,2.2841050769956466,3.0349326567794424,2.2721041214460795,2.641982351438387,3.4464114933335903,2.415407206508642,2.868021668378572,3.102326429324816,3.513111501096766,2.387936515825137,2.2896567491453523,2.9642888556797145,0.5527629664789919,0.5935151527801901,0.3193651110145923,-0.5715024563652418,0.816715766150548,-0.573172696509344,0.15131773261951662,-0.37713792500967896,-0.03206917329649627,0.1643812051517402,0.16067860772513654,0.21096037711764237,0.8068556345293235,0.22676715075698992,-0.12207831764532434,0.48204358414417864,0.5947352444623203,-0.6138039075684962,0.298700034924929,0.35058637115544916,-0.14878175167999597,0.6878534066558097,-0.07502779351626336,0.06278822673577113,-0.0865359121419348,0.007789523790733767,-0.5481375434476009,-0.7200254412971472,0.7972525316124861,-0.4234806741591639
P024,1.993326832968967,1.6211999426228538,2.507574167461383,1.6140262839097566,2.730810060800386,2.9985351108884446,2.2439860864017303,3.701043208977667,2.892880769243084,2.375009938144869,1.7049305850688876,3.7599915369841233,1.6932032391172767,1.5272412813927554,2.960329508701501,4.210898191718828,3.1371461963974,2.7760162566699673,2.6526830995517523,3.256402786622743,0.37946429489338257,0.1405957119846879,0.052100551975938034,-0.03129656394976121,-0.37698229443333814,-0.14033753843338703,-0.8464784070976927,-0.049169813397374945,-0.49429555357545873,-0.5517946586078855,0.08994707557673923,0.6960011431722997,0.4591583030011565,-0.7852503018115885,-0.4948140682851688,0.47038559399410795,-0.4912436967691548,-0.1123165749985123,0.27502604951227594,-0.48417222743181765,0.05268775307297995,-0.6670127474591022,-0.30068382197560684,0.15989096707126849,-0.7964968667658346,0.2202373689801995,-0.009818899463340608,0.2762449772085739,0.11195706703233071,0.6820702149869221
P025,3.150563427747356,2.4204811442667897,2.58598062265177,2.782683864470464,1.8091379985271285,2.7438411048873865,2.1892540808953753,2.297052156422743,1.585258705875042,3.259451307900342,1.7547609013534053,2.460034296323958,2.027168416234473,3.57226028510516,2.4817838865584974,2.741166238338147,2.1246907999024787,2.4439945444649767,1.424011732424114,4.052415845920831,-0.5937992095147564,0.15491035511351375,0.31688844046604925,0.20689954872574912,-0.09264382943885414,-0.06491034986671308,0.0219057359895548,-0.07350100081424431,0.48193955839745484,1.1052615007956756,-0.2787458925039168,-0.6849014897895389,-0.04414102417562741,1.2898546688271593,-0.4018372839848654,0.8195584027220337,0.8388504070382203,-0.2767941208539973,0.2844915395926377,0.814198311564269,-0.18956387049374354,-0.10179018005118089,-0.29084045697432187,-0.5073783653464334,-0.32463877253300355,-0.6119701333811283,0.017041734129613035,-0.3849866155293209,0.11689295589537385,-0.7779478231018137
P026,2.8763828787732297,3.076726676174256,1.5527532768041836,2.272423014316055,2.968749354370015,2.147713723089601,3.020920184484101,1.9499787098077785,2.0793622697865177,2.4295881949628857,2.8198324811852737,2.7565582887605666,2.960659739892547,2.1172941450334934,2.9433398284440515,1.3374518173035157,2.595761513668867,2.2360076882686877,1.7603663428810448,2.667185405000502,0.5456550602971345,0.3045690604535885,-0.5461563823362895,-0.15820422484740096,0.6065488499895917,0.07085845681995237,1.159664769990847,0.19665891969718594,0.0960245582450158,-0.1545582321012507,0.06677045239114116,-0.07623491819027195,0.3540543383442952,0.47835115839729203,-0.39299473025397474,-0.665616476778889,-0.9181026865516483,0.25399566345627184,-0.5516833030869368,-1.0764452964762414,0.19428930226548205,1.2464997587163953,-0.003035455769946662,0.41924538722582094,0.040914679273782506,-0.04944482659557133,0.4595382414938843,-0.14513727209432567,0.13369615703595147,0.1608489030980068
P027,1.9421721352357952,2.797558742013674,2.638545960703025,1.937765785146249,2.5113503663008405,1.8672758880961138,2.8496802789308275,2.4993535139909837,2.9891724753087154,2.704347466829661,2.8751046209253848,2.684131631619171,3.589756261790688,2.842054042852382,2.457050495329086,2.5943520332052046,1.6507513215227347,2.241281919952564,1.8255145271711586,2.6922529396681276,0.028324962448553582,0.2648463771783654,-0.03524938902954561,0.24325082191310096,0.03223720740506012,-0.9877332831769357,-0.46966769690937715,-0.07204377786080773,-0.6048473714205538,0.29996436499810225,0.7653754161718487,0.6093809258486583,-0.106721435465104,0.745363068424976,0.07433372860105578,-0.16854298555901967,-0.3067013317704699,-0.15123484324406417,-0.19408840927061438,0.08520811118774385,0.0802869905249323,0.0015230100767072347,0.21846908487317493,0.5953231373931707,0.47477706772066186,-0.7424489842249518,-1.2769605674509774,0.46715995561963686,-0.6834393492077105,-0.11238270094634177
P028,2.421700167065824,2.099986615631382,3.1379159900461957,2.8202914398125336,2.1021725063896866,0.7031279221793256,2.837639836428296,2.8365954261458137,1.6129571441520907,2.990097026585668,2.200515720385502,2.911632360067346,2.5080014439198264,2.2050686715233128,3.0792136890764095,1.9854568461531479,2.5090206420460452,2.3480252630260106,2.2695939526480493,2.2901331794632753,-0.0864730299617115,0.8558542400711717,-0.6859505714656782,-0.8067806989383706,0.7355851637468043,-0.10466183857593306,-0.3345363693299583,0.5199523436980382,-0.30280776986843205,0.9130048567734681,0.33896293566963454,-0.24395570407285133,1.0786541066327517,-0.3028574615016692,0.3710476860046535,0.14964629020324596,0.650870644699399,0.7807555983634263,0.016002074532883312,-0.37670893517309173,0.2299860714695582,-0.33885768487605306,1.0066936237633115,0.06826766554136872,-0.18266077565605435,0.0923401529324542,-0.6735631447648482,-0.48580701925532577,0.6002069539722127,-0.32844713948569787
P029,1.662885662956814,2.7604481382826873,2.905498940804925,3.0835709073639466,3.007471311581507,2.3286245586162533,2.115407794476438,3.45815239851416,2.420595610867025,2.075119814219055,3.1632612377244587,2.61818788409558,2.6247246990295356,3.470140927225467,1.8842632123752554,2.3767184873004217,2.328063647950212,2.692309975008876,2.8597810995780186,2.7586225490862994,0.2691480395248165,0.5362536686549011,-0.18247636477144266,-0.4196048336695032,-0.5224045970105168,-0.9831782946880009,1.028103564970161,-0.5516041828608416,-0.110626811792886,-0.13840664994446034,0.15370334890455037,0.4078686062696484,0.4302367441798727,-0.2915387192844692,-0.08356085689320575,0.14128997524414982,-0.12434556309177354,0.8036727880099963,0.24548747581912567,0.36743889302490873,0.33144063433370635,0.5867369287426625,0.09051077935185348,-0.6484159739779233,0.1998439758763208,-0.3256784468959145,-0.2643083408748784,0.2931820093775466,0.6191415357168178,0.010635788368030825
P030,3.224497033592771,3.6580244388932908,3.1134390424804432,3.918179920170015,3.133007769711706,1.402429201281755,2.683368730445671,1.868837130600147,3.5007200192540626,3.298687869580945,2.264818834403932,1.8116653699361467,2.169329737249699,2.1895358383385974,2.547218038688611,2.2714576100459927,3.4577838113683788,2.6143342333957467,1.9360767865724147,2.8599995346123572,0.5983157433228256,-0.3048914521596911,-0.06700858333645884,0.007344097364598547,-0.39244915654112,0.3241402169219295,-0.06047407430389078,0.20976622195351388,-0.44374608890105005,-0.21872915016170522,0.3611906789138857,-0.1864165760458835,0.8634819256167026,-0.19981809280730117,0.11234236287594296,0.46629541593654494,-0.7091828664665158,-0.8804044059903879,-0.7628281572850474,0.631292051713591,-0.2759290729462234,1.2790996428341261,-0.2821237993286943,0.09227565159851848,0.7710549762839378,1.0030464440795615,1.030751788318199,0.6041831152965712,0.5120312629057312,0.29626347460059155
P031,2.8327198064514727,2.193331085813999,2.0267380080224546,2.7894076318310086,2.540535676775785,2.339561036657571,2.4669082074006727,2.864078681321309,2.8138041912476757,3.250074012464808,2.127014883809989,2.9331238104584307,2.453170660461242,1.5946791927733925,2.3053629060199325,1.6730613669915888,3.2062093948792096,2.717602093532334,2.10501644615401,3.380874715074688,0.6105168477626765,0.2910488517343079,-0.11324204942491596,-0.4797196183617399,-0.1861033880355265,0.544374309852093,0.9422931529673045,0.7716217641360945,-0.24442471089313705,-0.5598087166445056,0.07044312345560197,-0.8842196827814258,0.16158385709239073,-0.07380129314933434,-0.23301825093412112,-0.7973515336333977,0.2568000532848583,-0.2663504198309557,-0.584958417855144,-1.4361311066408247,-0.013757452525318127,0.886125798334872,0.830629607273935,-0.22854812829313592,-0.30110603018089027,0.23438712803751188,-0.49919271959414574,0.15089594990973298,0.38304013919234514,0.6134666119421538
P032,2.3538074439289853,1.8643434457593506,1.7790183578766996,2.229555135220237,2.901532843389045,2.654425138284402,3.055135635188862,2.3841539717456692,3.003076103619686,2.474482412464348,2.2671693209261345,2.3858414919733915,1.333300784249049,3.031558242374957,2.63364236932064,2.571445929324129,3.1589092349817407,2.455596100223588,1.6167993692624714,2.30495590357728,0.39713233981091356,-0.6271447115846247,0.14677896608331464,-0.6782909023117025,0.23321499121676317,-0.017820741148741784,-0.8075659079527547,0.5823696772285857,-0.3672957883990246,-0.4051262185071905,0.10028459861547143,0.5743186747143576,-0.5079109094891985,0.030839924923985827,0.21440825016528647,0.34655280363157204,0.0882207776386126,-0.18351391954166116,-0.41379511032435984,0.04307194152318738,-0.5360695059928035,-1.4606752417473037,0.2182799020788339,0.45196742054309763,-1.1814662177709192,-0.5048653523549688,0.3095771305025989,1.0287477348558494,0.010396853837703947,-0.3640014706145672
P033,2.6444736430463247,3.0195743239872517,1.3271088233949102,2.5081608449240806,2.4867800747842264,1.5004514367246444,2.379064520463531,3.782793958092978,3.0958785620953746,2.6554152557405395,2.3012606353542693,1.7433008212954246,2.9022771470357416,2.79955333647425,2.1470073212561545,3.854813887457169,2.9524588302336476,2.1107960382989397,2.7003614085333707,2.8727691925042134,0.05663520526888223,-0.7191389891586834,0.45961446728760175,-0.334072042769497,0.9366488881087728,0.5400240328573243,-0.2236609478293756,0.6405081808675565,0.03392775526370165,0.42638683756110973,0.24236640864723738,-0.42317832749543677,-0.321774916158731,0.5149804087905806,-0.16738766605327043,-0.20182423162099836,-0.4775612896746765,0.21179953279673053,1.0312624596215725,-0.5337664571271364,0.012109728336379034,0.7061102777077146,-0.039820695622857574,0.22618589812486695,-0.5311967640734399,0.2141535486038243,-0.09357213250227439,0.4928649978399315,0.5936930257823756,1.294781821009307
P034,2.77338307850514,2.3861742628378972,2.599400955215738,1.879852772495016,2.5229518954443564,1.92142313545205,2.7924074580921845,3.3737755697318756,1.4776498982148758,3.4701050042146946,3.907782071595889,2.454767652525363,1.2467382724283094,3.043388183753698,2.752806723789801,2.494597908911288,2.054235565642122,2.651156825521616,3.0282317057903128,2.623776615364154,-0.11946604958484716,-0.18341220590734378,-0.19587907452191095,-0.46120509224925127,0.8076878447347209,-0.16116023460566994,0.6085792604127482,0.7606580259612257,0.4991554490739802,-0.2158101563590242,0.20186504516830472,-0.012097803195458083,-0.4518509303650641,0.1621796408608015,-0.5895198955799013,0.5938396942307819,-0.23230864864919654,0.10057982793641965,0.14164393577307108,-0.12945248685203867,0.29334690073763736,-0.23745182831126221,0.4356486487286221,-0.6729898401233743,0.06318978977320591,0.9694644995291424,-0.5001656623027874,-0.33887248526242575,0.2569539248294575,0.08979089096979898
P035,2.3899597385203926,2.642047018999991,2.5152825259973417,3.0691975169135164,2.5356504745061104,1.9311598347038035,3.212830587113837,3.300639210418896,2.0532420853161195,1.9622576073184168,3.0740518044337843,1.9158694003494907,1.5131595271307108,2.6095635679681317,2.745644549780275,2.61192151247094,2.5460201682517125,2.3716995087943284,2.8232355963004325,2.4660940371900653,0.25655289908804135,-0.1297733387919586,0.3694052404437515,0.3076837420065267,-0.46771935102229767,0.5429910580875161,-0.267981722557024,0.40402889914057255,0.18364365670067032,0.9190918383975613,-0.11173299118592607,-0.17465839805909875,-0.009709802943866305,-0.15158989141713772,0.39997095097102503,-0.808155304218294,-0.526841209573177,-0.5339014607895965,0.47515379598678786,0.8553066862909626,-0.05222460926873575,-0.08441086159500531,0.03502608155659069,0.5809391513040952,-0.46367656709528704,0.11918449136739256,0.48759881489121487,0.2505470849699226,0.0947908082993717,0.5005230462835706
P036,1.1407356149248216,2.773790017624397,2.1904732456816567,1.4035258722006851,2.652639521709579,2.5610915409099775,2.7233936119418645,3.066076607697998,3.074102375784294,3.7270777211985955,3.3460872088034126,2.560220673943387,2.7947380458919335,1.8184315590041946,2.4953427515802917,1.9506500209464273,3.7206200758823176,2.3335296067175033,2.7283848388859955,2.204259351817042,0.021801223186226862,0.8475255202153765,-0.311324680867226,0.09730372761862136,-0.3712352928490241,-0.6600112556103529,-0.3058845454526427,-0.01851839852420601,-0.21465111225862998,-0.346210489936928,-0.7031587318359169,-0.04155278631434738,-0.7523601870155011,0.3800279818448013,0.04121987646725164,-0.7287757497324653,-0.15460453852493172,-0.3760782027952916,0.15958725520959022,0.6702252230115723,-0.9375862348228723,0.05751303957370858,-0.0800663977833202,0.33567003822523284,0.10659831411884457,-0.37598466586940954,-0.15952696783330908,-0.3980129284017445,0.5380035692992992,0.01065582433597111
P037,3.320433303982747,2.986316122435148,1.9156763799246785,1.5619913144456308,1.464041760337035,1.3434901877306622,1.971079092637266,2.685186592057883,1.7501624762084305,2.9317676364764624,2.215005905573914,2.586308767247891,3.6129627555929416,2.891285802154001,2.193509902920903,1.9700662418259305,1.5978963272623803,2.5640314039417644,2.2059917588353994,2.036090372533073,-0.06562848354615236,0.03842594147938411,-0.11242799090403928,-0.32500129041172987,0.08432733598336384,0.22097032478470452,-0.545199538721423,0.705466189873135,-0.04929406614213087,0.009424811472423831,0.3541072116282786,0.11660806563175083,0.47656831695662255,0.1435620826009121,-0.30621868732021895,0.18075176260305081,-0.5718631036603309,0.05427985288826157,-0.0166149953222304,-0.10405842863626985,-0.06426875571946537,-0.9409245227488195,-0.27436245387048075,0.046422450570557355,0.07992819599870019,-0.5138375704629791,0.6328539204323503,-0.43308742410725043,0.4847286002633684,0.21359718093584243
P038,2.2783935776588864,3.089882044286109,1.9093067342856354,2.5198749296023726,2.4695760678996694,2.2747138178293547,3.0810702276329294,2.435660864986889,2.6389783215374236,2.337240904786471,2.419269338675425,2.5354737450754348,3.3140360676765264,1.2189429099229208,3.093434540148502,1.3560725295679885,3.1873994541790673,2.963923157029341,1.7989167690060377,2.550553319538174,-0.5528523342429679,-0.10746051514436766,-0.15401714209287062,0.3898302661346699,0.6551543730598042,0.697841905394978,-0.28108401328915106,-0.10461093687226389,-0.8417190961104751,-0.4029350332480944,0.4824258165487288,0.8077914117741158,-0.617174435939961,-0.2962321295764471,-0.013202878479463515,0.1400805794098034,-0.40480175996082307,0.21203052223204485,-0.23691967353545806,-0.007226135439139552,0.2731421240018498,0.0032111349054689082,-0.2181929452632843,-0.05480490196291542,-0.04418147960266766,-0.18500551494106385,-0.12939803133355118,0.7993235852523585,0.28045972397061936,-0.14774015901458018
P039,2.8573063797586338,2.4880835889027852,2.7921645378380813,2.2633760129207947,2.4785113166099255,2.6282045562567196,1.9024923257019335,1.9126437297463323,1.9645600985708613,2.0844567883994802,3.932788581626823,3.5663774775867068,3.0283016418221385,2.4995947364063404,1.691874103588833,1.8378096710755654,2.241728475523782,2.0827839755586925,2.4246852418882754,2.473346920190466,-0.9896499051878939,0.3739551280587669,-0.5363715128699033,0.11962343205557477,1.0370413348749867,-0.4596922957932117,-1.2651437613731649,-0.1430021109400554,0.5504798174992855,0.9791737271102969,-0.6147747972262084,0.24834961161826086,-0.23265522839002667,-0.05297417715206783,1.3221716735085174,-0.7514851641975766,0.12686983074728672,0.2338465858827166,0.5428931624696736,0.04899157673544772,0.15402526975205116,-0.19582428371089555,0.13456347062255367,-0.17159613774870525,0.3107859449280254,-0.18480516802181698,0.18855019695109324,-0.014631406842489177,0.5630251253860841,-0.02569686179424312
P040,1.2437216725304754,2.9256132311731564,2.1843311338947204,2.802583273039614,2.160744652579809,3.3645598819625886,1.4000714520531081,4.651547945256887,2.5038619044434496,2.640005770465387,1.9848897896232383,1.8908055662678136,2.849799830125014,2.864457131819266,2.6923511516790635,2.5129321136156983,3.330820620067714,2.3469108167638137,2.5555831681986816,2.872075602549368,0.29677836114043094,-1.4701943173321401,0.3279503882648805,0.09736809735938742,-0.009354378222948708,-0.19425922654444291,0.5620563599930067,0.4737632310614289,-0.38643883391180456,0.20352614356226756,-0.485828367270643,-0.6898090823944653,-0.3133586122949826,0.4311967361913794,0.47656252268804333,0.2565427100486465,0.36254789342399857,0.2580891435574792,-0.3207407976114761,0.21596127233697032,0.40020476261384114,0.37714566490678714,0.5944566857373215,0.3541519236005319,0.17572410377079145,0.5350751191582137,-0.013260629624530031,-0.4409373256138589,-0.08153348197188194,-0.37245132240322454
P041,-0.33758913748719077,-0.07225933535775891,-0.39620996049998064,-0.15398076481952014,-0.9468073334768928,0.10664685368646928,0.0006027376811121184,-0.4085443155340953,0.32962283421620253,0.4687850688132792,-0.8037799321844871,-0.3813623892831071,-0.3845711748936491,-0.46995155055443233,0.41473742096587424,-0.09691306938640176,-0.13225742065530538,-1.0019311822033767,0.3177090151046132,-0.6196291974267363,2.918536087645345,2.8672183664624105,3.3571737531004064,2.6912593601005415,1.6433994110448888,2.9329487665966165,3.0089920099722365,3.3111704094939474,3.7157379769588377,2.484983407192064,3.5345265699347523,2.745809620733546,3.1038680594349017,2.8001885900228674,2.5995112542145735,4.385078982038225,2.751781182742319,2.598363322712558,2.4122667420271933,1.8358907854143802,-0.3473565655445291,-0.204641219056552,-0.26204419896729625,0.076177436016861,-0.4112099661911003,0.5605153336622357,0.00010353245909854692,-0.0046501605693072086,-0.16394735825645892,0.07759534192948957
P042,0.41254913233381735,-0.43356510785545016,-0.32905824453762833,-0.15186301438833233,-0.6729354617366075,-0.4096289298607489,-0.23811043677232951,0.43719459035636377,0.13128066450096249,0.09679495568377218,0.4254489810839861,-0.06868589419969832,0.1952324249644448,-0.051610876466248116,0.13268117469981422,-0.29137932880579104,-1.2194085791382145,-0.06713958109315207,0.71137406804997,0.4631077011207962,3.292814458765901,3.498643435216398,2.5098821392749944,3.2577311383312035,2.3121056168632332,2.139622733850502,3.0751785488965315,3.412254811292346,2.778453692111028,2.9835450886798176,2.7293293284075406,3.0647174871539256,1.7471172775633006,1.8980755742977498,2.580024294477639,2.0636354688546716,1.9745274931367054,3.1594334991077906,2.2050718061516763,3.348850364424461,0.16337238230116002,0.15023717980541418,0.31110357202170097,-0.5694165588903846,0.5195558937101343,-0.03788214326772994,0.3352403086206063,-0.5359286165200777,-0.7768793830080322,0.40894482901251433
P043,0.1882047630487583,-0.4510257771787552,-0.4348315406373472,0.5627173922073847,-0.5947059464336639,0.8213364766279817,-0.45031036732393437,0.3191959628041915,-0.1643092378744923,0.30159371554117154,-0.2720570010570963,-0.0813964530361471,0.020459587697860566,-0.5010937278907364,0.37041217271006294,-0.2566067832357926,-0.11429995767000929,-0.4971746873042561,-1.2811668293976552,-0.09551388130008451,4.1138110641292585,2.8333347653640057,2.34231687665686,2.0313703105856664,3.0275320322777137,2.910003684169708,3.0877746200875764,3.058854327645174,2.881255350691945,2.9894749717683466,3.0921782659464103,2.6687473272114013,3.3201302821841634,2.8023305498740925,2.2085021289904136,1.9737346917288172,2.1838558972498343,3.4190893699050764,2.090152368455083,1.8768062588788248,0.08238042061825837,0.02544385092800903,0.0866708321852041,0.12197659895425013,-0.11160112731740256,0.7449317193010411,-0.8004519892382578,-0.414248512390123,-0.05162738007452369,-0.8215944055770836
P044,-0.08792720221603559,0.8307350828640091,0.010443244147980894,0.11535045285934174,-0.6300823825862901,-0.30818070401973874,-0.1875981901619685,-0.15885754837811703,0.6408218975018843,0.27884553036256227,-0.555728978468516,0.12325238921600244,0.24911087424839257,0.5700745192606332,0.7902703432841868,-0.5075470959139343,-0.4054287556051691,-0.6287889294573081,-0.11700992955349068,0.23317918722316724,3.666688997450699,3.130433551061179,2.5396353421392273,2.337702662166781,2.2124170167684722,3.6648229426722683,1.799028997757553,2.6830546182783888,3.615764240897377,2.687437437510671,2.5143181528545857,2.683774041182464,2.817914773890254,3.213230711183518,2.0753886421373564,3.2726981600959784,1.602681239630326,2.780907256792308,2.340155349526367,3.190664076112576,-0.7990621759418738,0.23108633304097143,1.0121548116434262,-0.6815870022964052,0.09485308380519783,-0.33099108889830453,0.21294360309651789,0.00957388870787603,-0.3207434545221548,0.243936142435537
P045,0.9021740548933715,-0.09545189586364934,0.35987897107409095,-0.6466364789355818,-0.4782181884090044,0.23620313894018868,0.7420580142679825,0.17780667439283,-0.15652901526157717,-0.0003542972883229586,-0.6252038669848587,0.3022576631776834,0.44116653116170457,-0.22604516641654018,-0.23502107387975074,0.13293911482602425,-0.21835986802029775,-0.03306630731291123,1.0498608945832577,-0.12351285037299833,1.8997293436592297,2.8939658796273404,3.3737840081620885,2.259244948642048,2.031680343685401,3.9623317873657644,3.2885875312074306,2.24953276251086,1.186914396074907,3.1985233832379945,2.3893692026692723,3.4099607286122295,1.3952245626887396,2.7902126314774716,2.3297028257925523,3.4674010809013813,2.3357908285828524,2.6474845161915996,2.6077443959826563,3.470700830200744,0.05294722655761712,0.2922064902362421,0.9882202922577428,-0.7821208058555257,0.808606287484312,0.052177968761606464,-0.4493920241615641,-0.6651568128694949,-0.09456019538851675,0.46082505596222967
P046,-0.06377456018876711,0.7555774651236737,-0.7255878450257794,-0.00604447392302728,-0.6261967222065595,0.18181594131248394,0.44344369504865017,-0.21038089684052663,-1.3021069283135671,0.09947407339824726,0.21836927586675475,0.20214737748084882,0.617891095911077,-0.5355268398245244,0.3401080527252247,0.5962537562389875,-0.8892937920032584,0.15982591295948861,-0.25208991550383575,-0.040761336550822945,2.952772133313883,1.7997023426968388,2.4165557457243825,3.135119354345393,1.988253224843484,2.1406979448851713,3.086846590412958,1.3557488184601274,3.634560523085849,2.7608829424578234,2.088817265346541,2.4352073329877095,3.774340418431494,2.4312340711585834,2.4973205873890136,2.762975918870164,3.431050465055939,2.112198165791367,2.695012028736947,3.1814715053827918,0.8694498318987894,0.4894290253908977,0.04265907128251203,-0.4041328608204632,-0.41522220327828263,0.26125705263287874,0.20919911044434186,0.7007992964732147,0.3252250462680696,-0.751540150879909
P047,0.5259738088614593,-0.49903031365720646,-0.1919856359761758,0.12510010312584724,0.9978337448919822,1.5549592780026804,0.30336152956809137,-0.09159830936019393,0.26725282424027513,0.44382771293691803,-0.16033381277859585,0.8976056779561611,0.11503537959570104,0.24887154454569713,0.3329621260272307,0.21079330530722784,0.4194702502348061,-0.3086265932734616,-0.27915087697301527,-0.5500771164858475,3.395435713897105,3.2378581145548653,3.222123563430975,3.661842860821184,2.2714888620431775,2.8761520787776544,2.455866363213757,2.6564468939707524,3.5020658503745903,3.3455334242827233,2.363005958957111,2.5253811327547764,2.071938343816566,1.9272721797966637,3.7472241474467882,3.22012652896655,3.418443239805266,2.350705661347729,3.176901127420665,3.139289103571601,0.3494142101012674,0.2104864721946949,0.24600942399639963,-0.2630174213337902,-1.0766714599356222,0.5485763558768478,-0.23941872800420208,-0.4313878820215603,0.34673945595699684,-0.1960063199595648
P048,0.5299681920233109,0.30850297478834876,0.3417846616002388,-0.6829778556002671,0.6059719926932002,0.13062526561692803,-0.18463856962310157,0.07169423367112554,-0.88811761644916,0.20432640574033542,-0.5146857540910358,-0.6763351429217672,-0.7611795931089456,0.5563441874949626,-0.31463169684639436,0.7668638549582496,-0.2679007315261489,-0.8536789787964734,-0.5582622199743296,0.6179058100034693,2.3257874044184708,2.757276890225829,2.8803420963325816,2.587561213609299,3.5065645995067913,3.7743305763976673,2.439777711304803,2.4867511130355475,2.0932383974016027,2.4817134093565496,2.3590997555713202,2.32904012594416,2.756921894247711,3.01855215500634,2.975666791970578,2.67819405393017,2.647858712291436,2.51865750825935,3.1114041146533946,3.9337702743878546,-0.9230939311190469,-0.464755430096205,-0.7482646275450395,-0.3250119672034491,-0.04171898489518043,-0.724822609849265,-0.4609299065626566,-0.5019786860407492,0.10363366469947198,0.03467216851812521
P049,-0.36086877666862666,0.08841043606969899,-0.2733400422936327,-0.13582755516302664,0.8367260451492685,0.670230525895174,-0.6497906184637988,0.41486620893958726,0.40569827724579605,-0.5741316443763091,0.4093888218774303,0.7689659592062764,-0.5612724031222069,-0.4587514105071318,0.5088307334217512,0.135747655412824,0.2757381376197616,0.1702946082002484,0.19534796046407207,-0.6632360641555415,3.079895122274128,4.016384225051381,2.6957710120928082,2.365608258222446,2.444870053868719,3.094897794527405,3.3413659503711433,3.1360612670631225,3.4635633461787587,2.455289131066185,3.375016976247575,2.2903944828903207,2.9939812701454067,2.0667036989111436,3.046748476123426,2.4236607880398116,3.230256593317725,3.3999497900874815,2.65357520513568,2.1426044476357267,0.8747919521027103,0.6907270393452433,-0.6461313475528093,0.3448539026225972,-0.25148738527567155,0.13174360766552978,0.14711206450674685,-0.117203900158161,-0.39188283279319824,-0.3452705261581297
P050,-0.45809595774062123,-0.41591110411522236,-0.03358914502467763,-0.3578799945553759,0.34102603285630995,0.7436230776679637,-0.2900266206850215,0.11970225026768853,0.24984255515146692,0.2360011354596372,0.037977633958043704,0.3713412091798612,0.2411244763403286,-0.6188312111636489,0.4345780321946366,0.44364541863337104,-0.3816430520892908,0.018968917723801014,0.3416644964055347,-0.10465690978968079,3.0369567680199903,4.468913254468096,3.00441810920758,2.227351751587577,3.429030368374529,2.990036792961311,2.445432743210121,3.538907756279194,2.261179411648745,3.0282633071428693,2.658400046731098,3.7516057977256723,3.496765643996742,2.5723096113438424,2.784279904802166,3.281234738767018,2.95222910608375,2.4120732529847952,2.9530793369107604,1.4890792099821395,-0.006918873047118625,-0.3448638870320869,-0.246561411199886,0.7218160017344071,-0.6282534471396282,0.40660259337398863,-0.13948146516590426,-0.1398800842479172,0.39518594802585566,0.17002564728444522
P051,0.2853064986097655,0.48409233026643056,-0.16565419159166136,-0.30611836725387515,-0.542575263278899,-0.41270526498947757,1.4745472126543626,0.6223397903683934,-0.6755371831040107,-0.6612289783717851,0.24093303085924575,0.2736323986889835,0.2744419176586822,-0.12747789677684893,-0.06272713000145011,0.1639397620796787,0.042946503146665205,-1.1096501863737676,-0.11489981528759691,-0.4257032171301568,2.55338130198433,4.103350251180368,2.701122777664879,2.4788364112914594,3.196655657775269,3.2924902895040216,2.91369953361421,2.6277375845769577,4.170292136363319,1.98342874225253,3.0191999102743385,2.470770387091444,3.1376394486919588,2.668910608513395,2.7350175362152855,2.394062168971914,3.941477011869853,3.317527260972677,2.132939243790356,3.116644682416595,-0.3547899273745863,-0.6292524553376673,-0.10850852521218521,-0.15424139422790986,1.2133582431727612,0.21647991268034808,-0.6888087503771186,-0.28238700208547113,0.5106916477146992,1.0442213864349625
P052,-0.7929916561189791,-0.9399621925695225,0.9354825876858911,0.19480708868545193,-0.43414636593818323,0.26731454306121766,-1.3178738695084389,0.0016877532985804995,0.16391058642154263,0.4621350697689149,-0.5069479761462689,0.04284358070167952,-0.46271231302979365,0.12769187783715855,-0.44767316118151207,-0.2040504195801103,-0.49790769739511453,0.3255681209118285,0.42922555832833265,-0.1173102849787069,2.893954281259036,2.1954727505650258,3.3978168755768126,2.6923612630026135,4.015068277309768,2.278990040716657,3.85354340005053,2.8464691776757842,2.350651434802116,3.503175660911522,2.495875848585645,2.8671301935762723,2.924189582330014,3.1445597821436344,2.920186643871039,2.507962504766498,2.3991394480851675,2.1900176497471873,2.646050437292972,3.01342957381382,0.6187190673420696,-0.228650827543395,-0.02141169065578744,0.029011367404197613,0.4242154411026423,-1.1234446669923026,-0.30335014738264837,0.10564184613973636,0.6000394782134306,-0.24595122375310258
P053,-0.938276353020937,0.3098557229830681,-0.31768119441281467,-0.5948333295451806,-0.31217269485661203,-0.09226267882792477,-0.30237233226910637,-1.1027830285495346,0.4485330984435661,0.6374375206393611,0.32576099566975286,-0.5688428352124083,-0.10074576697375899,-0.003260657614729031,0.2993971947809551,0.3341702443590404,-0.3670868993892479,0.04099777820678021,0.22864020230762055,0.7279111610733833,3.43847880055935,3.560072408149265,3.5025174913625654,3.398401958016035,3.037752872003106,2.244524514938807,3.5022780384893384,3.608813642960407,2.174973644256558,2.3019386146507057,3.361442053521749,3.337603349704419,2.78970663877048,3.2119749370576582,3.7523434400358004,3.7858539588177393,2.9176706737805436,3.578344924545516,3.076341621384016,3.178393271487644,0.904653174866555,-0.10902294769618692,-0.4238169643095424,-0.32604444429653034,-0.5448165186711942,-0.3923809540638517,-0.1852540492950145,-0.702783509589321,0.0078091669748015236,0.4511385868933236
P054,-0.4538780900734602,0.7596419618208844,0.25539604426379736,0.5152902928120286,-0.32891727692606854,0.42726261353330786,-0.5459669501976565,0.44512375041825436,0.08591966989676561,0.27662560999239183,-0.5877973028124258,-0.44753492113830234,0.2986141091266924,-0.47417400211210037,0.23160314604956153,-0.6835689032301229,0.4240871063333341,-0.6162616573842545,0.2761499688397616,0.31281546682300043,2.4664125405236654,3.307747379108657,2.8206368742056123,3.24696938356105,2.34974396927069,1.7368071580960565,2.724118322143836,2.3467646718009036,3.107828323568975,2.519069580534647,3.3125067912558244,2.1964104597912106,2.690767279348401,3.301762257767156,3.479727957409825,2.726832337772782,2.6511280062635656,1.7635855501189344,2.777423789899015,3.5072316043344958,-0.5083415642882486,-0.12204023683710065,-0.019653643813815593,-0.06724839220086636,0.16692998328426734,0.7156833909155917,0.5408833638364143,-0.6561095967157031,0.31103499515302435,0.6644666597677048
P055,0.19340426034460131,0.5454902125929835,1.0061352228503826,0.5118547730534907,0.12465429782086443,0.5225442370423767,0.07244391654844559,0.011951521642477736,-0.17570711785686627,0.7817066794160541,-0.4092143329710007,0.766183862339058,0.24993206187018568,-0.6996530874009708,0.1838246464957108,-1.050013253825812,0.31275400841551787,0.4426157414944955,-0.2961779778260268,0.06177384797779117,4.241670505382354,2.64319162125368,2.636934690177244,3.5810192154053695,3.752760100955167,2.7019365502077948,3.2126142202909085,3.006397490872731,2.5080343128130096,2.5452469092518526,3.63904547380073,3.6705641882858373,3.0326293196164498,2.0987349142466836,3.815176526896249,2.7559857203388662,2.289429412089116,2.997411043349032,3.6469930958162324,3.0115685531906324,0.20743275018095522,0.2316442650590531,0.02175733432173304,0.27906975725925315,-1.2647800388471515,-0.14830372953489918,0.1206609674583905,-0.5755070418097535,0.19316165890578,-0.10223561049306076
P056,0.877737849157745,0.7865098626074282,-0.23290278455908142,-0.07541885578334766,-0.0369737828041963,-0.22582973807981135,0.09751249201406337,-0.3791410344437951,-0.5653076674687632,0.3113556119501343,0.3147647921109054,-0.4021578798299962,0.4476777153812998,-0.3157888645826657,0.1265826190189906,0.410172006306228,-0.016806282351856505,0.2273704560705672,-0.25821482194378587,-0.09823329171404858,2.5207133930874295,2.495894081359745,2.3715866129543217,2.1306679651429445,2.2858168143311874,2.976418361225129,3.3732584473687997,2.4210242365540644,2.929380258782338,2.821698187578426,3.549544789205598,2.095539863850302,2.3425755998337414,2.017081103811643,2.4943031626730257,2.3147317585475533,2.6617071081699972,1.9008475615431766,2.737528864062454,2.7874839015782857,0.29751473291778235,-0.2787115265541606,-0.20649891107171703,-0.4633491544236554,-0.01571958518738821,-0.4242143170954073,0.28656390662060005,-0.8929332459670556,-0.1798148362262312,0.15055366959587105
P057,0.09191725816125218,1.3465168319902483,0.17490001228395377,-0.5020272984210051,-0.047732123544536514,-0.8881231667332259,-0.04029987464838044,-0.41652802850037934,0.45769513778008086,-0.27477013729776745,-0.058382957897623315,-0.3177789207022017,0.8694256759266656,-0.16062138305895585,0.9162785217396009,0.4070758810591333,0.24103336366769307,0.18436657365875986,0.19689864910812577,-0.963836289672805,2.6262165913849627,3.266905757812199,2.5470040067652926,2.1605152106604786,3.232898144017588,3.418624322377931,3.7749889007495128,3.2184272853633193,3.0308781418206303,2.1802301082888085,2.0386524766381697,2.1735447491051607,4.142025350002999,2.6734457212352973,2.437648187901937,2.305933048559046,4.079039782513752,3.4416242654557756,3.9225387565621954,3.0072182183337186,0.14781224437354754,-0.7583212747103956,0.7384672130591372,-0.5838897756339675,0.10838778188131455,-0.548651263816422,-0.29443341336934803,-0.41863121552485016,-0.30393763033790894,-0.2695613515744893
P058,-0.27413439746253854,0.41666695589015357,-0.55243139653126,0.11027071350693343,0.6089795761527792,-0.256598182256698,-0.3589594453738009,-0.11526231259012541,0.5898626041803551,0.09705381547667885,-0.26560714730379925,0.24193832559401987,-0.5511460749182117,0.340679755221474,0.2043036538508838,-0.15390423556944205,-0.4192928992236155,-0.44334046114172865,0.2674086681729551,0.6144902512445309,2.336068620906353,3.0154147031536938,1.7515159677522096,2.712688488126228,2.9616938342176464,2.2791241721326347,2.350841531054157,2.35457651830851,2.502812642087353,2.7836157480162513,2.2485419115874343,1.4745341814751478,2.2646584981906015,2.7676249615336537,1.6436251122543193,2.6846805481831164,2.489314764016352,3.2187631706125344,2.6352021316355456,2.5221078541697226,0.07062857004373162,-1.0652832399036003,0.38410360831586865,0.10769825272814397,0.2541343198372948,1.9631188532181634,-1.0420564697492942,0.8623483248805542,-0.14372375970017778,0.14366445220150464
P059,-0.022756122650621085,-0.21211816669902175,-0.2849164641193794,0.16475436778650457,-0.7585868483358396,0.3752895837608828,-0.20809720244262697,-0.5650346695201789,-0.22500642899790685,0.6285746084312864,-0.26766754350811156,0.17922680910481012,-0.36547813785773664,0.3789609249618098,0.34275386939510205,0.9243044166482057,-0.08778197274960775,0.3343274023789533,0.049033769769472275,0.6479358909315072,2.483611776252882,3.4339599722650207,2.3272916109515553,2.308150428396852,3.319707609732644,2.742592306361963,3.0826698322221673,2.8611572920259136,3.5404725836986937,3.424248652656603,2.969377639224516,2.6119793800367583,2.24093276143861,2.881502246097367,3.3392680186828168,3.457342995812116,2.450902238481973,2.3221773892955793,2.4576780290661238,2.8667787028853984,0.4982852552897236,-0.23324768961409897,0.3202398976004119,-0.09525155299890567,0.16202851411078031,-0.5738456949078337,0.04260472481695053,-1.4955679854503616,-0.09344807908099242,-0.8152366218575701
P060,0.602997258273408,0.3887036763822556,0.23333549098304052,0.76050311357969,-0.4744582604124186,0.8736815989577791,0.46609578213019237,-0.11827764360947302,0.5678100735914721,-0.5531467562058171,-0.41225708076383677,-0.3042948616198502,-0.2644888540320076,-0.5282788213801264,0.6115415335476625,-0.12942720018491582,0.17625248417843978,-0.2851756832068403,-0.9103016502742586,0.13502867919571104,2.133119277541705,2.674049566224761,1.5970876137325685,4.379513214362257,3.2373521086856,2.6282369568297237,3.556893811172268,2.7269782476681215,3.0648245225094066,3.283477767241169,3.2569100222218954,3.113262393832766,2.964109019692058,3.2316229803964416,1.1587725127427204,2.2751401444107717,2.309396172714736,2.703720046708268,2.145252110954277,3.8983650244169583,0.7581970276267864,0.30105916019624174,0.03601843064187238,-0.10610448495057584,-0.4759592300111178,0.03874025925943127,0.12887627007137534,-0.6208802877408122,0.16708820862244872,-0.07762952441237438
P061,-0.9539037789386955,-0.43019250538975096,-0.20680276671082212,0.9438438286700952,0.2782765622668791,-0.6677407845499457,0.2430181447088185,-0.7736519944691828,0.5413455269435367,-0.2355623259089393,-0.04681809436958542,0.662898323771095,-0.643581784292125,-0.6985590925564956,-0.29179966317300243,0.5191894255096583,-0.7596730377384212,-1.4160777990552844,-0.2255794292044994,0.2758703999554602,3.234452499235632,2.239276224068656,3.2818600764876042,3.9371889683762786,1.5165094040754046,3.0803746377995656,2.775372297820673,3.06336560264203,2.5261144654354837,2.619295913476731,1.8509920263753492,2.508641753006073,2.883788929311461,1.9174761497325181,2.561413606679062,2.5310222157207196,2.632392464095668,2.5262322078129666,2.2389655636021315,3.107724916235088,0.30510808479461127,0.07848648048421711,-0.29326563478196777,0.1121082021453965,0.357304895318309,-1.024970639288739,0.5795370324779489,-0.168127369340536,0.21274496662011513,0.598623461822614
P062,-0.685836848615233,-0.3547205012137733,-0.1442743479378524,-0.39187676056221415,0.8674682879184042,-0.4283860469133964,-0.2777733897434333,0.10219451580148839,-0.6010747630380444,-0.19784035587813192,0.15872663062508757,-0.16643020219125562,-0.04669342944997414,-0.26466605622418543,-0.7572351545903835,0.16079660566961929,0.8774665358236208,0.009200815391719065,0.11263205862377476,0.3463613775584297,2.525124623603126,3.6415742608340174,2.8750389803684557,4.179890814370857,2.589710338345619,3.6106890233159556,2.759772311881256,3.194682008375602,3.1658093589514325,2.4862402336086817,3.487626655778346,2.7611079464495147,1.7612554284467228,1.4950601518777993,2.6405427027887853,3.245810282305194,2.582284988880084,3.4252433053614264,1.5976638559731113,2.9799264711404114,-0.9089896126935774,0.3798561477420842,-0.047229357221001377,0.20980498601205907,-0.43194148029488305,0.6397324658288756,0.5208623320294257,0.2917721515059438,-0.06475862343172038,0.28992864264756607
P063,-0.35344628399367445,0.42777782951035603,0.8247404471619605,0.5353052799895931,-0.36480123490370475,0.18070865863655144,-0.6465707718793239,0.28619515558783787,0.22530170643126943,-0.934908169766082,-0.5808919219561819,-0.14156944837188357,-0.15042987357041313,-0.6047384677094026,0.19448936467609187,0.12573680447025604,-0.09713456598925965,-0.37789575007918147,0.5243535632082817,0.8277035565441476,2.4932622988158792,2.2121440792179876,3.4453692730055363,2.8996649141861712,2.5488293704899303,3.319163068687669,2.0065455570924677,3.651841532929687,2.328063493366147,2.896235390028698,2.584473234011556,2.673866297477879,2.725763873955597,3.6380311279429214,2.7047660735011565,2.359912753396916,3.692704125470928,1.8858558699772687,2.735704278467763,2.5667737648242483,0.42338538760824684,-1.0636137101757477,-0.0495471501206345,-0.3014103278919808,0.21613147531707774,0.23502209368410107,-0.35381294741101305,-0.3560869320880218,-0.05533268427866472,-0.4483211136576041
P064,0.42099184772606346,-0.18460360022372307,-1.4534941096608207,-0.18741102831090306,-0.5192719104219862,-0.8156379077304727,-0.6187133191112862,0.05470423591648503,0.6643204141241156,0.15659223693249,-0.30325169410786984,0.22795209758535134,-0.22954515510949589,-0.3473001845815723,-0.5771813341164922,-0.8759144033758596,-0.19496185327972265,0.07902674496006593,-0.04831183500744486,-0.2079834639736793,2.752050507161697,3.336095091842212,2.0940827870746297,3.2805015760133838,2.1187757826753058,2.4656784881930873,2.0886084281256023,2.8399298952615872,3.577809665970674,3.2060072588836714,3.1805067887501868,3.2836179612840057,2.220574545873901,2.310031077222281,2.2889140978679867,3.4906455471548172,2.474670411886268,3.1917903930474094,2.8837173216825027,3.7318326058470896,-0.20484329631474868,0.35616107979008105,1.1408259182694214,-0.3088208384668483,-0.7675201237661798,-0.9400050169538818,0.35635601443066567,-0.9415751040292919,-0.18615952646896142,0.21865659351948036
P065,0.09258776841495703,0.21272243209208613,0.11114492790042703,0.6394329066566966,-0.4761581903693985,-0.33849756922926566,-0.386329722635412,0.4150959059313051,0.4501992941975318,0.2256126596592541,0.5917468334449639,-0.5890204336881903,0.8336120557755685,0.7616193108561291,0.36781099862287336,0.89089945438553,-0.8283116038388869,-0.2622240681313259,-0.36765173034097615,0.3607396618786716,2.3089664422158926,3.234498863339568,3.761229526784686,3.453278422068969,2.76361225011625,2.121220292134942,2.0645149036506756,3.634454153732476,3.6243205344539806,2.6859656619385506,2.518616057699557,2.227130830514004,2.4162411466222826,3.8865802550101782,1.8024972627066487,3.098358331394366,3.0249810844446716,1.8323326102183661,2.788323764360528,3.0932199517207204,0.006249660953625167,1.4342015278333842,-0.8342996294390976,0.5293642649419394,-0.08640086869823219,0.38596007741833754,0.22065357584962292,-0.3665780985549983,0.11449819622967013,-0.9289507256991436
P066,0.3016237502856969,0.14907923299526282,0.3193300843215512,0.5290591625435751,0.18380992010485545,0.0740447098991381,-0.4405341683306461,-0.3561103818245255,0.5933673100886655,0.7181677028529893,-0.11905521815602703,0.02300137362663706,-0.45230718749688303,0.5863784226337224,0.33270841184588934,0.9706087182318746,-0.43916153858986945,-0.1890039495091086,0.11572296126278615,0.32324476886288533,2.625686272910672,1.9312249644156738,3.528348656402087,3.4988735696277193,1.7576602074758934,3.7712587422527126,3.141940765651814,3.1242409097187323,2.819264983388093,3.085661554782253,2.3136191700455053,3.178654500852087,1.351931823937901,3.42057992437197,2.3496524382459354,3.766611938376623,3.3323496273138,2.5354824802170017,2.7733244937358066,2.6241533724365356,0.7092656725740183,-1.2439043282675397,0.6384826930440939,0.16901174055085408,-0.6035108239286078,-0.5376561965246189,0.8381965136041015,-0.4727534399713656,-0.5766752552979797,0.5686572711823646
P067,0.16927643814295712,-0.4689627882681994,0.1083124877023095,-0.5128763418201386,0.5504106992113026,0.5306854824365668,0.26600309941097156,0.1808305306235083,0.8805940624336869,-0.00015683630588735604,-0.5909370627104006,0.22473695641615343,1.0430235247685569,-0.5073797465929261,-0.18073138334699287,0.20822301905072632,-0.02695242450286958,-0.4911517901886573,0.5609289281152354,1.1600203610086297,3.268087552417754,2.345659156415589,1.9091570029145213,3.320809651772079,3.2044700899524496,2.613766145577524,2.6437440145884246,2.6910740580819064,2.6715298091170823,3.2507144757513946,3.6523449308630003,1.6196826302113554,3.4619404496449713,3.00046307530077,3.4654294943311403,2.154164442232501,2.3243612095099384,2.5920732936652042,3.0931008195335346,3.684643544366266,0.3530394569075658,-0.12134063840601667,-0.5131846038329461,0.615000286359575,-0.4823527128753574,0.8142342773861608,-0.14219232480325467,0.7952910363089252,0.33946564502963916,-0.06849774472122913
P068,-0.2596981859130633,-0.1704539386730399,0.21415834618761875,0.03857824810885837,-0.29690570403435257,-0.08281570515881612,0.0392885148595749,-1.064367047207406,0.22908405739434934,-0.4898606123584034,-0.5766662016028725,-0.8436721735553552,-0.8969462489339451,-0.6777237515561446,-0.3545104788152452,0.9766295687632841,-0.26293983794760195,0.08887505313401567,0.20024069325316435,0.06553259310792436,2.483511298469658,2.1682531114759467,3.4823659151704707,3.654074152318029,1.9681984899130924,2.310687766740826,2.5304062750792977,2.6995455227362837,2.702138587967027,2.2195728662557244,4.716517121170368,3.083876890675029,2.50016061290318,3.5338361551602313,2.7298142560464917,2.4474440829791466,3.035638855251964,2.3755907548388033,2.636228716527358,2.4197758387393993,-0.7884982410954986,-0.40141222197542115,-0.036986431797189016,-0.03783280216291513,0.9862710883949041,-0.692993971199499,0.2527946209179373,0.7445565541641448,1.135724872711398,-0.20219871159198063
P069,0.2457147263600999,0.28488017859932346,0.09774086577664541,-0.04942260061965303,0.21798769475002294,-1.2661230426098427,0.34103474503131564,0.06308895183098359,-0.11123744838913269,1.023431097859779,-0.33746700939527613,-0.2015379945325154,0.995776651102367,-0.4160306524249283,-0.27505764146826944,-0.07351271171542499,0.42036724106477463,0.1039012536766567,-0.6463126735761313,-0.26608428156359476,2.76583065389799,3.0988224933842208,2.859145190221362,3.2140665991443065,2.3290707212293955,3.8681744181093753,2.8523838386443567,2.801824508495957,2.7758354869224298,3.2226202203873036,2.955591016751546,3.416755057798758,3.3967936973880897,3.1333709047848224,3.8847152640460054,3.5740640239554913,3.194170620491533,2.181199583589603,2.42780943840122,2.9680333555423015,0.0727605988841204,-0.3070612825041581,0.07049134980603,0.7943134640217979,0.34770123727514934,-0.5705042548763691,-0.05575441357147185,-0.4024832404262804,-0.19384995820428058,-0.20680783281482137
P070,-0.2388227913020026,-0.6275676859866974,-0.06382734075909506,-0.280303818423655,-1.464724345001134,1.0264860122508315,0.544384827108336,-0.18815036246249803,0.009409524870299212,-0.5858271736587809,0.8478614389054326,0.9486443473865558,0.0783468641232623,0.5117653220926723,0.08764338946696193,-0.6683627194379653,-0.20591168448182864,0.06596398338597853,-0.2272738593717221,-0.109326638717518,3.371643574374771,2.3280374010289018,2.671577975521136,2.231741797715514,2.573327732573429,2.538096013280942,3.281588204672253,1.3205076342279753,3.6295493405949637,3.7196623284740107,2.066352108694867,1.4972902159851107,2.1423021698122655,2.5685125901049712,2.0238582119467035,2.7851702125684743,3.600146651683331,2.746786280924062,2.6017377316981527,1.5710586680237595,-0.16350865880488555,-0.10672838967521912,0.24809959368165815,-0.2676583562838295,0.2557497876809307,0.9675770200301146,0.4077505112221313,-0.024044253665386293,-0.09157523552664734,-0.17833656708993562
P071,0.5903204562260723,-0.31365672297565145,0.02261135449999128,0.02559895094054267,-0.250892096405766,-0.6862327739420504,0.16148725180883408,-0.030501985927691776,0.25012023471828493,-0.26680015321958345,0.6104106494065239,-0.4383868906059224,0.8560201420089463,-0.8738182549141308,0.21738503227844558,0.23771534126331173,-0.39777853397044116,0.2121969689305063,0.6397593348800794,-1.1084094196770322,3.1504065408866904,1.3091613890474942,2.2074644734792397,3.7658644068619873,2.6655438030218317,2.6141507398623016,2.676355025606223,3.925888427970778,1.7528376796756895,2.328942008967167,3.6805616559923666,3.699358217532553,2.207159242627109,2.2799149176359474,3.9572901941112164,3.393169152970213,2.7541573830593618,2.8365625706824793,2.922918982849302,2.6510956502010714,0.16542565230778888,0.725500719065668,0.4397085205687016,-0.5386880384923791,0.6882482250097689,0.15656607000657766,0.3435328979294581,0.7332704296393014,-0.5557901247567756,-0.017912789353231467
P072,-0.2657272756796075,-0.7839297126827279,0.17335498880245995,1.2557782757922118,-0.9200388722528764,-0.016140305524735162,0.3202714675373867,0.061539100828090575,-0.0565640262578702,-0.6496081817229121,0.11639337147008182,-0.3783819885079632,-1.0949608524892767,0.5972961102568654,0.4791929099210212,0.0258304884255399,0.11453734410285128,0.5371590063577807,0.1121698283890413,0.4520087773806572,2.3101490346188283,3.2094474207605694,3.351169982002211,2.938324554063351,1.999793335543772,3.0963846965182507,2.139703085018877,2.931111545819866,2.7981523463109568,2.1269103126895543,3.6737846273992227,2.6802295713865174,3.31570951960672,1.786711557734891,2.8761839772516615,2.055376076065544,2.0485519151768954,2.2565872955523454,3.571393147514985,2.760236965923796,0.5341896668470082,0.302060444794259,1.1518193760523945,-0.739722111569862,0.6296166198933995,0.5732204352003638,-0.4866894190135173,0.5035666682365798,0.1680724815131144,-0.11373812997670389
P073,-0.4119677434859998,-0.35955472572459296,1.024906047892963,0.000341409478741314,0.3910650007657296,-0.39544969083377657,-0.3899264731108194,0.5409924046249711,-0.6747881057757661,-0.20760688395263577,0.017013705536116024,0.05568630092002621,-0.08954664250807813,0.19790989054796154,0.3464278779089058,0.367318772729665,-0.49290190433391334,-0.1420775489643986,0.5973814309384688,0.44732359378693615,1.5436691900018031,2.9372609060309514,1.3958851422211114,3.093986060172267,3.984127433279038,2.056645473468169,2.1530249165340885,3.0436347756369373,1.3527612239757751,2.5844129370896534,3.016367204888837,2.7739096009256556,2.3524922410057485,2.9863559706825376,2.5588154643565457,2.6321220290994245,2.2758442615445147,3.283822661288411,2.5286551053247037,3.0661555103862765,-0.24846601255898912,-0.09128448718977056,-0.49497889627600694,-0.01750380500311795,-0.4055004318144224,-0.5570232250809967,0.12933057392769406,0.10636988792883016,0.39143686747428624,-0.21556278478754953
P074,0.20402642341837784,0.2753987861368316,0.22238690391579738,-0.41282684140107107,0.07468174113559445,0.18207014802733068,0.003589233453970971,-1.0432388291855423,0.08024481198674004,1.106265519698621,-0.18001963437849136,-0.3640385489276606,0.1866742798556991,0.15618910523328586,0.5963675827082072,-0.6289340779544439,0.3656901262874962,0.29521103062573173,-0.07107326847027305,0.169343658960845,3.200499719640637,2.855318110210381,2.178000217011643,3.3898100929368202,2.4053278797207347,3.079170886227171,2.581682219057538,2.5799833277790176,3.5550586854565465,2.5591101729095476,2.251499393609175,2.5088278233787076,2.9281577604163833,2.700385660491476,2.5526427979119917,2.5595224624405293,4.35374938003416,2.6592416444295335,3.3644868633481666,2.8125585590820754,0.2666796223527247,0.41973425225920236,0.609097355877128,0.5286841526891125,0.4360985000364889,-0.1575433655970543,-0.2858730209780307,0.16630375516209878,0.46656403617053466,-0.11136035038830353
P075,0.5325859828571933,0.7263083727430897,-0.45816045953670986,-0.41846035189813996,-0.07018752945266822,0.1538063340945982,-0.2622835068835255,0.6761013394335722,0.2120334307592256,0.019723524120369745,-0.7179547619342638,-0.6579079082137536,0.14050462514090314,-1.066297813077418,0.5063187048220359,-0.07907692218616015,1.6215464847973666,1.1539581253080553,-0.09072453462375837,-0.05316850126565748,3.505756037498626,3.0432831234577638,1.7151733971884784,1.807038453367694,2.6999246563936237,3.8408979367033806,2.980035077210883,2.912792488860728,2.320831658977735,2.038226805377774,3.261411333944923,2.113907299971095,2.0781542502496864,3.0715955585292214,2.888763590850651,2.853399119199664,2.8702554772064173,3.0748858966947146,2.5947739262067713,2.018552610176121,-0.3573403384952159,0.26063995250690725,0.16083927068825005,0.08402990298341012,-0.4975742409266897,-0.09075158106783357,-1.0885325232214274,0.08923833194269487,0.7144288539067837,-0.7370660660210528
P076,-2.061233669009158,-1.1055498532105072,-0.7942149131748415,-1.8338403039779494,-1.2636548244468817,-1.768989918522867,-1.5521161339852636,-0.6265662640981975,-1.9805868094733854,-1.5585679523518996,0.16104115538349273,-0.00554600197430103,-0.4065071861300649,0.41163995783885265,0.1128807615558772,0.008806625966828657,-0.487683013639125,0.6517539659673796,0.33235137266655496,-0.276460418683651,0.5009124268409686,-0.24878541919260358,-0.3910017462555185,-0.37985155874014354,-0.8855342765440456,0.23577119020910287,-0.9155724391691751,-0.6142219156328813,-1.0377940045392666,-0.04303484639544653,-0.07516023013593603,-0.16334810659318202,-0.5212888473352881,-0.58611687671832,0.23218493177328708,-0.27527596585424385,0.15817916076807237,-0.44262434306211124,0.09053137138554117,0.6516390186580319,2.8612650468207708,1.6307449399974945,2.460173272454265,1.668659424525565,2.523552974025245,1.9597808192424,2.4984073677515455,2.453470503443746,1.3363545811904458,2.119448906128184
P077,-2.4401931920930338,-2.2414937591760626,-2.1978095125857657,-1.9204457991227952,-1.3091959123082515,-1.367277645155956,-2.1233191446469286,-2.5688623724818296,-1.6676840968590092,-0.9058370323453122,-0.4969313374174267,0.2100957714474958,-0.4282491187045995,0.0488351883741677,-0.6322492034774828,-0.8965532262672884,-0.19140859480648434,-0.06186447313741807,-0.19883984680730202,-0.5920152791112797,-0.19994953106556854,0.134647376290367,-0.02244651506126849,0.0912505152996067,-0.33505760022711645,0.5858589573580798,-0.5880866682773903,0.2437801485433593,0.5909455464799808,0.2404540463744477,-0.10126211353241502,-0.2641485233314896,0.518043825523128,-0.7114874626308365,-0.4850621301898218,-0.1987788827458607,0.6188268787559991,0.18988381802044801,-0.48402287925512266,-0.15515385269245183,2.3582120078801716,2.109791451662997,2.460968419767524,1.4223242490610246,3.0480185930889148,2.4030017252928815,3.253134807040811,2.0118281855051823,1.3140252263282381,1.5852308365645102
P078,-1.7527169552842876,-1.2632299868950008,-0.18669114530167075,-1.7031250600461658,-1.3536904446774372,-1.8222694335260194,-2.459540532801459,-1.3015363119327596,-2.1092260349280165,-1.5484503517719799,-0.22597468595593884,-0.39466925285983717,-0.0035224927402773497,-0.10780478928401119,-0.18592894113933278,-0.3642308108401714,0.15976233539147772,0.8268086342461425,0.06994361641956369,0.4980591074555645,-0.6951109625767313,0.07888071964688474,-0.5486841594855333,-0.7384624637659507,-0.36968570372951814,0.5959496672067864,0.4750079143348228,0.12150236102719984,-0.7663502799449654,-0.0981403256939684,0.15085000445086777,0.08776811478929895,-0.9218967917403729,-0.4451589240099359,-0.032038882074358316,0.26814545475859497,-1.0980639105499732,-0.08106198773992922,0.07152438493947617,0.42480599425810656,2.441981573073525,2.4688076925688685,1.6894439369133232,1.4881128564203527,2.339379955035314,2.785731861281876,2.794933907620768,2.5428733897061417,2.420550296374156,2.149090812233532
P079,-2.1386388742422535,-1.5676666795664316,-0.6828244513148615,-1.8916012129172148,-0.8979457479360026,-1.5346544322621551,-1.1302133586118812,-1.8637627625339672,-0.8773730229992174,-2.0746130945117622,-0.7076335959620937,0.10926702120547284,0.5047358942979844,-0.4224707192967482,-0.7495079802292006,-0.045922382167477564,-0.04371766438859054,0.27415981377724935,0.4747972856822441,-0.029707590636247047,0.9277516573971315,0.11211737226764588,-0.1732132530034498,-0.805783679551414,-0.13132976015808387,-0.16819347270556811,0.4801523981407352,0.23124181203342703,-0.5896845608163086,0.08612719320551875,0.3357655858645267,0.7640156796939164,0.4437519837070297,0.3804233271557389,0.030042997307581806,0.1941560027117248,0.6247524503530794,-0.6663886987398249,-0.17471966360847796,-0.38628437437812035,2.563255153934433,2.953123784983534,2.3636452285724654,1.381452750351824,1.788187152210726,2.902826378361393,2.1835289365465984,2.622872754187543,1.905019089434728,1.2535086648774318
P080,-1.2157895748128624,-1.7809734801713737,-0.6749689530524099,-1.0325679715969167,-1.7302637749868648,-2.225461008715662,-2.0082148070499892,-2.091470424091973,-0.8569453791548496,-1.776002786623318,-0.36581586945426403,0.9452203425778913,0.024654165760111316,0.3844198379844484,-0.30411325372237963,0.1815578138722617,0.1555549955715976,-0.9448246460480765,1.00763755523032,0.6453222304612736,-0.19859765807299382,-0.5511348702279277,0.17378080690177602,0.043348849707198295,0.1778344742816147,0.09578869809704481,0.25312049465296305,0.7236528496959033,0.28405160256432305,-0.5248277494549706,0.681281426356226,0.8203072817441437,1.5760283672560425,-0.561747016619799,0.1214410065751375,-1.0410493515944936,0.27657457818960457,-0.2741001490833863,0.9617228974124766,-0.38730748500929096,1.4394220838255907,1.161997991202498,0.6869634420698629,2.5223021621213704,1.1921910068622925,2.103433159544123,0.6872632004566221,1.7944835450901278,3.139051876073485,2.554858476906406
P081,-1.6470609541518635,-1.2435308820529236,-0.7858548081904684,-1.7655452876478563,-1.9242352269175897,-1.1657565891522168,-2.5790985132229025,-2.0234918506809474,-1.6314468230105703,-0.791891519834496,0.01131542633843457,-0.7027815269281433,-0.4924965629085076,0.09934000477370344,-0.039533670932278143,-0.2895620548178732,-0.24041689475598968,0.3480839985796445,-0.25884628643460733,-0.04404562201453664,1.0849682940402714,-0.7118413184419615,-0.9259213657873293,0.39179483239930335,-0.3393215306470516,-0.15911876387131013,-0.3905781890655571,-0.12990007038375626,0.7992690560481707,0.40106422930905966,0.43111175594348855,-0.7081135278963228,-0.5755768682764346,-1.4195393297427135,-0.404690410541377,0.4783515931928292,0.25847325787418546,-0.11075663147606195,-0.011150141859026526,-0.3444427712877028,2.29751250592211,2.929989274051404,1.5112757133325343,2.1255871477312107,2.5820668194538485,1.571590008355959,2.517908608942867,3.9409574080026784,2.3534156289198447,2.8172563227783987
P082,-2.001527311086514,-0.9792554112559063,-1.0186424699142007,-0.7705120954771068,-1.5826602261951463,-1.4503778652534178,-0.1795412192103042,-0.8313384003562218,-1.018295730624237,-1.4554239161783982,0.37495011971185527,0.13963391910826298,-0.475455364843616,0.15926050239943723,-0.49584833172015524,-0.31644013744239596,0.09466415364618706,0.14862213669006202,-0.5946162325385645,0.5269928855914381,0.28600313915023645,-0.3523642178054419,-0.7687923982245877,-0.07245228954071566,-0.22297185693058008,0.056570228526511404,-0.18155833057778326,-1.003728430372505,-0.1941734691505792,-0.15280955553415648,0.31683051238702936,-0.34909983730552485,0.8393373366862831,-0.9558202753258785,0.6555837489013122,-0.1121594854390524,0.4297924361717781,0.03990074202936655,0.5697777680127346,-0.19368098227640562,1.559824214271396,3.314082081989809,2.0852684091245384,2.7522547615830737,2.8108189327897604,1.8961917910940658,2.9402791581125856,1.8470243331941933,2.1994320184410663,2.6227985102540354
P083,-2.8477219215112606,-2.4395874852175297,-0.5640868149680842,-1.2240456912286468,-1.7561045557274528,-1.1991946133362323,-1.1984587918687677,-0.8180187722935917,-1.5483225864528485,-1.2533496048413901,0.5730150720710325,-0.3886857424229533,0.779394592248447,-0.7652307048716884,0.8148210655563993,-0.1863377919759873,-0.12134937391264088,-0.9450050855914714,-0.22739735868884645,-0.5199032655134421,-0.3038231726867363,-0.0686554828944398,0.4788958072364528,0.10380167570031289,0.15383832670055692,-0.5477596944227812,-0.4403770448013651,0.899362509175656,-0.3676005173816233,0.8281041260286478,-0.12153059944043325,0.0011439680717520247,0.5351825801149649,0.6359462109693282,-0.05540628013954375,-0.19412152676076944,-0.02796022426110656,0.16897876411605914,0.44565184343487774,0.0021149294970757883,2.4695421998325577,2.6229121813836223,3.0335569225078656,2.2148970887012487,1.488171402736229,1.2314369324208068,2.211639693495724,1.8502275103929249,2.018729851575079,1.7838421827194557
P084,-1.6628969250477996,-0.7108909925813711,-1.1113453015967683,-1.9061865336400334,-1.1207079082910183,-1.2555720543030853,-1.515158841461171,-1.2075610117635769,-1.6514794051340251,-1.380513324047869,0.00641432177184256,0.2399135176834165,-0.13432287665487128,-0.9181798918851987,-0.21638694179419432,0.3969092335719078,-0.14868803962155322,-0.12319170125727401,0.49318825295296853,-0.3559866136294614,-0.7714016091214498,-0.08031555976274718,-0.2420869756243685,-0.483123159876627,-0.08768922794934536,0.24575282362339182,-0.004644280783907873,0.15349053634311888,0.9067038492577115,-0.17143943077878204,0.1391743173223348,-0.25460668129956726,-0.42317985994348645,-0.2924538267088849,-0.23937928576084427,0.17973789877356278,1.1745378933503787,-0.35802171813792016,-0.20831265280773126,-0.031561506555624126,2.3115276012944976,2.4052870052720143,2.76106232792651,0.523768681776672,1.4847884517633674,1.983122360179678,3.1779957291003766,1.3391651091430685,0.43218023564589236,2.5663439791861524
P085,-1.187304274353064,-1.8755860613343571,-2.5540921450528993,-1.7296066331056676,-2.1770988580046042,-1.944295672010819,-1.2805845817058377,-3.0701854374684956,-2.6874042573394856,-1.7649490792760907,-0.1281703391862461,-0.26902387924506926,0.3989218899478833,-0.9296683858300288,0.022745738165376,0.27916821160585276,0.9283237182809774,-0.2408829855467376,0.16222930217625853,-0.9019313962811825,-1.195978102156512,0.42238718789084995,-0.002780146824035283,0.5892563448992114,-0.6867014444848746,0.25995106976437626,0.9344089202719266,0.20985280417863295,0.13829075279552439,0.004278040412174916,-0.7854407285629561,0.677786467855174,-0.3054288199025329,0.25224162819150847,-0.7815171532856268,-0.5897298322538902,0.7175436996111177,-0.17365114447892147,0.7266377380212723,-0.039115329529258905,1.2143149756226057,2.292705362468453,2.345989118758445,2.3626633398903234,1.6605255183313705,1.8268907022157648,2.1308579779414973,3.1157644032917124,1.9168769531482375,2.693523569476366
P086,-0.6262029233406343,-1.1682059084268683,-1.404875828957971,-1.5280812486357793,-1.3897777589007831,-1.4903424318156293,-1.9634532932374456,-0.6999464516839431,-1.3604048774674748,-2.2134382671347397,0.49881603846012224,-0.14339711786913464,0.3797574437430539,-0.14587931612926858,-0.029913071764951848,0.2467801021671458,0.14544852879500295,-0.9977658902258693,-0.5606218700471959,0.46470499239540775,-0.06606829445077363,-0.2618656513857109,-0.6792870076287372,-0.5398681606379242,-1.0108993199809737,-0.05064035935076644,-0.29921879029052345,-0.4832939454926576,-0.03406171258397655,0.18198531542636906,1.0465989661049724,-0.7559417097816068,0.579690521650261,0.486550780507536,-0.38954636968835027,0.10161797729301551,-0.22881662466880762,0.09284429020936946,0.7545655067022753,0.3028031163156565,2.067460010453815,2.002380184234374,1.7317577642999646,2.222280974630725,2.7854077838343,0.9259163142189515,1.4295378651814674,2.3194739695297906,1.47152038658027,1.864746114442024
P087,-1.4640494588926742,-2.7367274782748487,-2.567068847422491,-1.2253112812048819,-2.1502303646924883,-2.608134009719887,-2.143452040435145,-0.8922247294272525,-1.4404943640574341,-1.3355863086528206,0.022179398757803524,-0.872853716429826,0.24735282688751623,0.19171751570182208,-0.20465423704786062,0.5029622558982083,-0.5637480494765194,0.5639544966267845,0.07724683279762556,-0.1682762949390867,-0.009936817684155785,-0.05363238290547087,0.6101414482088585,-0.5383395637355067,-0.3812596195732991,0.5181514460362399,-0.2977674675919296,0.4502665386657958,0.8497179915043548,-0.20089751347081683,0.3406811632876527,-0.5768461406699292,0.3773666490339046,0.09971199299338356,0.2365191410801076,-0.3227860360176975,-0.8305417077835863,0.2516260323747524,-1.0317015762397272,-0.1586752461212674,2.875113955854528,2.584699733676549,2.8063175150511017,3.371548392784573,2.1032946092034512,2.2131424438250002,2.5031756236507743,2.1185339499269285,1.2981845114407626,1.852040753762664
P088,-2.6408297329281853,-1.6762416309112458,-1.2195582309681385,-2.199887279210939,-0.8937173920869291,-0.8724236845813689,-1.5517878786354453,-1.4419894676010012,-1.114031137314383,-0.67169630137746,0.1537017848598442,-0.41230612521738047,0.13830038275559034,0.5977403254127395,-0.2983145293058651,1.0489696695662156,-0.2628154669926922,0.016203506670068108,-0.3362427980031681,0.11163541796013043,-0.8711108463176376,-0.2730208994083606,-0.5460606001742836,0.06766917394614545,0.4972236877544537,0.32300309355727574,-1.1858296804294461,1.0210348264639402,0.1476399703104342,-0.38824957024650014,0.07856395949547042,0.08809491125134619,-0.33342435847578183,0.09895833367103775,-0.3037361438101536,-0.20218099634501138,-0.34313956787754224,-0.7163356448698264,0.07291823510769195,0.29264971825816904,1.7439123000761878,2.6677580861120247,2.4717883775849763,1.9218886162587205,2.4234718609161017,0.9063868752225351,1.8617244137672908,2.154530309462975,2.5627224928496255,2.8034122357769813
P089,-1.312444444394902,-0.9507530714407066,-1.7209536161960453,-1.2689981507647676,-1.6166756783426155,-0.8320985033847399,-1.114733353075565,-2.234143774011085,-1.0395639293064232,-1.0328873854483167,-0.33417259742340083,-0.03053783567618805,-0.5292203168208264,-1.2490305087464697,0.1002298157068645,0.30445267812731597,0.13103340454336276,-0.9747808588771836,-0.17542471503823728,-1.1091738800255406,0.6848505538270924,-0.543027291059043,0.6277018047299482,0.4729348218420728,-0.45029517626803084,-0.5663924756338725,0.17518510819316913,-0.4221620185915355,0.051242321079103766,-0.24141379540345917,-0.8905792072328167,-1.1152340095622295,0.11334212424729859,-0.2807788731653127,-0.27654490845706614,0.3479319195468927,0.5867211383162224,-0.1362723606809046,-0.17029935345493075,0.2500715165569419,1.0510889211241974,2.4487404464816027,2.35792829658768,2.3113897190279404,1.0035145563839285,1.701238890485627,1.8755983682960276,1.8562945168459515,2.3212376904136365,2.9359136703232465
P090,-2.0507346606901304,-2.8075028054257523,-0.5518180555939668,-1.4866596948528006,-0.6539085588177812,-1.1939989071220687,-1.8624947030545984,-1.828867687048728,-2.263368715994066,-0.7266232765062927,0.594298411543504,0.9246810706931905,0.42155266616162007,0.5814192887674929,-0.29000816632684234,-0.5782079083719284,0.42503966620877665,0.20884037611970033,0.05372218717044627,0.19368574031649494,0.16159274122910294,0.6419084299267807,0.6474927924084779,0.2721101761701735,0.4229014362814641,0.2570312762123879,-0.23058486601730946,0.37828233745657003,-0.6972475344296308,0.5269457761479416,-0.5972614698830175,0.14290164339736647,-0.42257697921307946,0.27669449153721337,-0.01696261296395444,-0.7973779790816662,0.21034981550923942,-0.2889603884163553,0.44057336040668454,0.0006628443672036147,2.0679987253344616,2.2602150829948995,1.6492852402679168,1.7698496078594108,2.3348588551745286,3.5782325700441797,1.9632856927084066,2.4574464704557477,1.4470307587951399,1.6631149077405192
P091,-2.2634314980469488,-2.1927552255303735,-2.418524686764222,-1.1536439603472342,-1.4968726686004061,-1.3965664727476437,-0.8055484672174957,-1.2597943730897325,-0.913234357761277,-1.2675954999438306,-0.5934966941528723,0.5289070904103981,-0.2945560663905635,-0.46779814938121295,-0.08895893790219908,-0.4564054596482565,-0.2087151909947161,0.17202696078173324,0.17417086962306344,-0.4489150332128147,-0.2438526864743723,0.5371665023851219,0.24820005886697055,1.0375325196742708,0.5900640868707638,0.5721465342799695,-0.693934275227901,0.3819301758167113,-0.026553400848455325,-0.2754909017691248,0.08400767026626425,0.4726057673057418,0.2504157955021058,-0.43923690067103,0.37122945679631014,-0.31879377103798195,0.10834155948214311,-0.1516750337385671,-0.10943312586781286,0.38312148752025477,1.7570791664255019,3.069254374512731,1.0646321692656602,2.0024959880889517,2.221579775972194,3.0371837720901866,1.7689748081412162,2.6321516803557126,2.3718793880244684,2.174190981477492
P092,-0.17045789884485463,-1.4821234197281987,-0.8576261985510519,-2.3320911782342733,-1.860331908621139,-1.2644330624054039,-1.676277317142879,-2.0880687958338213,-2.2941006614680512,-1.16284253107645,-0.5350957814471659,0.8595203064209105,-0.4481663292960309,0.10965116860021804,0.3959296551940338,-0.2853202151000564,0.4262343217164753,-0.6145917989002081,0.7260588495912802,0.007074632482879146,-0.2982057039844398,-0.14959088621371724,0.4044596346963597,-0.2922276459252191,-0.3746788447113888,-0.11076829879186909,-0.588481056384984,0.9102719539709078,-0.2831972956073616,0.4158083930902018,0.1047350418238863,-0.49226702524098404,-0.0029773546063646917,0.392001389655374,-0.09413066754315327,0.596556472925514,0.5107576963909319,0.45945742732916467,-0.22982838613649847,-0.5399212238907435,2.143153527307433,2.109045681832029,2.732167872175769,0.3019511410054232,1.9799465392275433,2.0018257704592726,1.685176068130696,2.7811504680842543,2.526615027579944,3.0658939535902405
P093,-1.6851921921003208,-0.8420073328623809,-0.8121726169963422,-0.628998705146928,-1.4363646674248511,-1.230371302817875,-1.6789101770800743,-0.91605256181106,-1.136639983018673,-1.597048025183009,0.03391925695846884,-1.0099636660780682,0.720972502900945,-0.2561871203383468,0.027931969922248483,-0.15482485699403062,0.5730137875067075,-1.4187532206986895,-0.008305171162954494,-0.05290937874884894,-0.2268181937958414,0.8631132728178162,-0.4436647294278856,0.3858980886178306,0.17812639435304178,0.630759626267758,-0.3335945423887527,-0.3664844495618795,0.5480349537386993,0.2126606541650552,-0.7724686733383793,-0.2696525072316352,0.1931913269240305,0.41888211077329457,-0.33961532659647753,-1.4571279949084706,0.2616115928685166,-0.6101603449719879,-1.0086693990612057,-1.4161629624920704,2.679253457258993,2.0646006857344195,2.1978767409914246,2.931797889936636,2.799479191892341,3.2412310322404134,1.5127751880926907,1.9135487861746414,1.1957582657763688,1.9203720261808563
P094,-1.3896017501327407,-1.4426427732924223,-1.5514622237210822,-1.185397104466038,-1.4119691253517481,-0.5667182393126333,-2.0916173150184725,-1.8325535716386474,-1.2480676987835428,-1.5108072336523684,0.740980384218268,-0.14160901947261628,-0.2827881839369952,-0.23565786057555896,0.3592087117358205,-0.07887349161574263,-0.32083341006519117,0.8326759588117655,-0.42808492033087503,0.017783037016496764,0.3261530758051152,-0.8156675552085366,0.24013025070296246,-0.5275538377402247,0.41139139041700123,-0.48132550595948814,0.34638451592443026,0.5529165331473563,0.43071826281640246,0.1256583241190512,-0.11565047146484972,-0.28820978816742193,0.735517345408552,-0.3497476100838216,-0.5185330367849981,0.332684467516415,-0.3980684015932477,-0.4750317487330636,-0.7218021310848824,-0.24145491973025884,2.064062587876877,2.4019609921072753,2.8902054391881595,2.4481133539282838,2.109401326593552,2.1438940533101416,2.30030714051789,2.558667404171398,1.7365257305483872,1.756889765471734
P095,-1.867738785331047,-2.5120336004968467,-1.5568613756568785,-1.4991022886062217,-0.6730606774818384,-1.8892732869742483,-0.24497704007250343,-2.011494444529113,-0.9120300234250807,-1.7301314416749283,-0.3041753823396688,0.2962651536588807,0.20481805934199684,0.17848637963346306,0.04063921102809938,-0.018946540858415437,1.1941859964352193,0.5921283225980865,0.36141344749275606,0.05589957910169413,0.5035786002983346,0.25899738819572593,0.01310237638701783,-0.15178216263295752,-0.0404586688313441,-1.5852128679390278,0.10530041964882089,-0.24423804005517985,0.796334999141442,0.009672035405877145,-0.5944817097674809,-0.02494007706405885,-0.5230605425312521,0.2367037078562332,0.14547368216974269,0.4789198155541338,-0.3954408958472827,0.0170040481140734,-0.6825108977133176,0.35074739096235724,2.601379226200397,2.2370290791019154,2.1294674044506885,2.547315831618091,3.158376403081099,1.7335930158291817,2.568440398791135,1.995141877215941,1.4269145620352661,2.001755585654308
P096,-0.5482987222806767,-1.9794907019376302,-1.1784658408245952,-1.5029061489962339,-1.467949947091451,-0.8262288162988396,-2.2769870928658626,-1.4013569470177245,-2.6327827157607326,-1.1681949934068037,-0.6349992986969379,0.3344200652731091,0.33597230390724875,0.19210103600294826,-0.4972142608998961,0.1247740947990385,-0.5915280923671945,-0.12638162754809268,0.514706550477663,0.398350963535371,0.007591471270216561,-0.48740328796142096,0.3227938560870967,0.009690618849012607,-1.1601577991152117,0.39131491315825906,-0.012116416934846073,0.6012256239915361,-0.5476352594214023,-1.5883519065980003,0.1395419291725926,0.14578183834098637,-0.845335813803226,-0.4892497729333032,1.3776088718599508,-0.15280530707690168,0.36547948818810805,-0.32532991368419184,-1.0451514494265783,-0.08512912339795276,2.424524924800805,1.956004824289224,1.4767461980112486,1.9122296844030127,2.0501306368213523,1.2190841209409378,2.3190652645900376,1.235032986443862,1.613497652568319,2.4824540724824473
P097,-1.5814942464525783,-1.5983260739155791,-2.347389210808,-1.751310874998866,-1.6898964514700328,-2.4591905956689852,-1.6959764103487172,-1.1505865409437637,-0.7688182821561452,-1.9576383715284327,0.3782441771580492,-0.9570300352937336,0.32972562055680577,-0.4019742073637405,0.15367280835398503,-0.12387620911985463,0.6602070048919171,-0.4372178241699591,0.31380314878091553,-0.13975373164826674,-0.07915273900483188,-0.09192694657960483,-0.42283655224705646,-0.007049482953335789,-0.03132411106091075,0.12062012420336465,0.04225257284643129,0.39899727480611813,0.46175430802368433,-0.5253116609139006,0.4343862502953855,-0.5931682135549272,0.2939279440688675,0.30986939235143435,-0.955658445831252,0.04648962326470483,-0.23424805668015786,-0.3793826289676875,0.6754261653495027,-0.32683957031870947,2.118574075312803,2.666475518613578,2.973087773954831,2.214602085010607,2.194198528482934,2.603735290603205,1.4254143064783473,1.9109463866158711,2.4424541113467253,2.6976305451549485
P098,-2.492598876698752,-0.21003248305884337,-1.8080885932687043,-1.7747796438169356,-1.3139698564570383,-0.3355025256470978,-1.1609259468116053,-1.3262643017750677,-1.902731646627088,-0.9852820028186081,-0.23789772200245057,-0.41305599585727104,-0.34350704984974867,-0.6752779821714916,-0.03793572534251166,-0.8423337886131934,0.09545826207185534,-0.01816530402117087,0.07346764919334389,-0.2610657850099962,1.5384301850902518,0.6800579500901565,-0.6222712500423614,0.11643404371344912,-0.3040030714686618,-0.507239863353707,-0.6700360355619674,0.21610834537962698,-0.34069011753478695,0.48391301201260206,0.4968911072652195,0.6869571926057247,-0.4261933830370518,0.2376828053460051,0.3162271083211504,-0.23708908755198244,-0.38588597869643754,0.8047603328879864,0.11374793786602687,0.317983875355869,1.9594440072318717,1.9162719801006547,2.0152860681322085,1.3901461564863957,1.5181483111502159,2.5542280038491647,1.1134700039362613,1.5729345371939822,2.2220047299675163,3.0370720386994776
P099,-1.3013059905784794,-2.401715384959271,-1.9306349690323645,-1.4851178861932337,-0.8014924580786733,-0.8693721438646049,-1.3275550827138372,-2.7040744948121347,-1.3593473654726613,-1.8943823227841095,-0.2591263194306012,0.6626380452185188,0.413557714282884,0.07898715612572585,-0.6359595005563614,0.10569828373532945,0.5313286453937632,-0.1878168328827678,0.6755570449933576,0.6463726447591035,0.8318664160717367,0.15262156326567647,0.2936958499030061,0.707093644165545,0.2236969685344878,-0.25061705389510636,-0.22427141826393068,0.11927747688686959,-0.6452807109731094,-0.07162945768209632,0.5482735591151269,-1.0956269255826405,0.7672410508972575,0.5611871093515798,-0.22988230791523814,0.2716954139359048,0.0015738634531633165,0.6149951842193415,0.4913415713849706,-0.7000353615915046,2.998078943957493,1.8320254046361577,2.2856056853757756,1.631765835185878,3.2585519262698313,2.8729358331239867,2.0736260894974965,1.6322702308572499,2.8877855464276165,2.1088741935424316
P100,-1.556320080577238,-1.1621371383958492,-1.3888065858759657,-1.337302070295818,-1.1473186344575244,-2.105289323618437,-1.8285587622061332,-0.8117384115537813,-1.5242294746541554,-1.3680839450155708,-0.15937415762306656,-0.5149059242709225,-0.061672032023055226,0.15452372151632696,-0.32784385973072183,-0.11785562242833425,-0.4697316209929913,0.559622458782048,-0.147227878794017,0.7263777725630916,0.7643739252704542,-0.04052298236087188,-0.5042243662736748,-1.0429489388666686,-0.7360185365133958,-0.68691741244933,0.6892348137307523,0.05791229361347305,0.1948022620459939,-1.110210504467563,-0.5989832146086308,0.4435398882231435,0.1433870561912931,-0.07360263934279863,0.2824211793000613,0.8178989030679075,-0.11052123176852528,0.03468490132903471,0.09629845936565257,1.1960548176369963,0.6371408614595331,2.423684447183966,1.6722023959523882,2.035647182090292,1.570919326743248,1.8988608129412867,2.2693198591477297,3.9119207856555445,2.452161376375435,1.7221128285230018
