"TP53","BRCA1","BRCA2","EGFR","KRAS","MYC","PTEN","RB1","APC","VHL","CDKN2A","PIK3CA","BRAF","NRAS","ERBB2","ALK","RET","MET","FGFR1","FGFR2","CDK4","CDK6","CCND1","CCNE1","MDM2","BCL2","BAX","CASP3","CASP9","FAS","VEGFA","VEGFR2","HIF1A","STAT3","JAK2","NOTCH1","WNT1","CTNNB1","SMAD4","TGFB1","ATM","CHEK2","MLH1","MSH2","PALB2","RAD51","NF1","TSC1","TSC2","STK11"
2.62122917189881,2.29484361689925,2.28515131726134,3.16248787069358,2.60277203718486,2.00066188580237,3.60415120306887,3.03004981090176,2.04499281044121,2.72882113059163,2.74778769588608,2.48719946726663,2.62361623225246,1.47205488258281,1.66052380487898,2.06532716799682,1.36215958811708,3.26977703945806,2.09258546199922,1.91329232886912,0.732824384460777,-0.112888150243268,0.0337641023439619,-0.712374093106728,-0.272191362262591,0.055461294854933,-0.575496788711151,0.187849009172836,-0.300319344959402,-0.145846874896638,-0.300853306114698,0.926139092254469,-0.00674861236896696,-0.52885546447795,0.411272456051595,-0.610421824985511,0.104431797502378,-0.979835061939888,-0.664093024449215,0.0984306179345618,0.369233289997705,0.0856841405949852,-0.0578241411941203,-0.150551847794644,-0.739260995183714,-0.359922104197354,-0.230319385479894,0.528561113109458,0.171809144784231,-0.881520077681367
2.64466965973433,2.08692381957447,2.10576165556239,2.32601971576214,3.69862571066397,2.59528646003138,1.77080135323453,2.21331605075847,3.0520544331575,2.99212526333998,1.88957214226822,2.78347201989529,2.16613270103263,2.0634271751246,3.12098318354835,3.89642858446015,3.11952340772067,2.79575184604502,3.16798351036716,2.29239057962511,0.180697802754207,0.769018283232985,-0.0179130195549758,0.782321827907003,-1.30987255204487,0.410951252187612,0.0435235341190856,-0.149503675232934,0.0458803882677511,-0.993784457300446,-0.109835943918756,0.178556285755873,0.738947022370758,-0.259135109136824,-0.404246801446594,-0.250878521792268,0.457701058851037,0.164375554829842,-0.264880101883519,0.256633716556678,0.0485387746740202,0.484322495266445,-0.351026546938676,-0.163831073298884,-0.196054076566079,-0.731757474066059,0.148060138532288,0.130527636089945,0.00255672832123044,-0.117293566687573
1.94204337381612,1.78199608912432,2.27752701212016,1.85501428828822,2.66777478863499,3.02334957852811,2.82074704530037,2.58067844721464,2.96533364679966,2.40677335342288,1.75933348585119,2.59209270256352,2.6326131745563,3.65022656282215,2.03884527636873,2.3143146269393,2.69544986948397,1.9214984578459,3.02985773387534,2.74879950364668,0.395515973521523,-0.454693727397369,0.70139715546805,-0.70092553139614,0.293428546900135,1.09522781290499,-0.495268162565344,-0.283148864801386,0.0498256825438206,-0.2517378270581,-0.775331715533066,0.0342814874030137,-0.531151856863052,0.236796215317591,-0.459712117116902,0.77496720250877,-0.391626646168119,-0.161030758102838,0.406758608684835,-0.615432158216978,0.113729967302065,0.653571377141214,-0.803741617280614,0.0923169292661521,0.129941397124212,0.390911435888655,-0.618475355439041,-0.660228306542138,0.260970782808449,0.148492336616593
2.53368977152871,2.98729764309493,2.05941441465035,2.21380743459003,2.86963176931139,2.0813612918274,3.44230601523221,3.21918995237575,1.89818008419352,2.91503190625253,1.65898211749684,2.82764146616594,3.26215560306628,1.62304672067177,3.04194159255687,2.73662778526169,2.92341631667348,3.75954416092445,2.47763749645312,2.56655348732819,-0.444757214812762,-0.407905142482719,-0.0385508547070521,0.170575987408322,0.13834539966501,0.413591624518012,0.00650094593895351,0.726767038578658,-0.132328416618978,1.36008458329481,0.312833673882503,-0.428578778208141,-0.535446249030556,0.241236207621593,-0.111731392662925,0.357000247046046,0.236618812286772,-0.0364144563284364,-0.423396859034202,-0.757423612342932,-0.223257476033511,0.428199397161736,0.107046872065102,-0.622869389355994,0.086590462925591,0.192658689864418,-0.441928718100566,0.076862552972764,0.0291043592229999,-0.571485148915312
2.38081682549593,2.82116963334962,3.06686565750462,2.70612467789093,2.09805381664886,2.72848947179828,2.75241581125918,2.90839930193823,2.78287938589762,4.21229034435521,2.23921717200598,2.85605077516169,2.55941336746108,3.33692624907063,2.30783246950286,2.77570881153248,2.38033354016756,2.04506536577323,2.02725901468408,2.56135875046775,1.15732928333675,-0.933632596295874,0.343130095187257,-0.806357935594826,-0.235965932894717,0.544475298483683,0.0321400095477314,-0.538872388964653,-0.357651854629984,0.339798874467338,-0.365183315858568,0.108229294790987,0.0227859199519069,-0.325800173802909,1.07197204466266,0.316959511159006,-1.0125712933288,0.0932271573847138,-0.330893232384194,0.426216667398112,-0.39626036921635,-0.0573682207334495,0.252493639490229,0.432877597085061,-0.600148203527888,-0.167250617920474,-0.237472655580478,-0.326664616286856,0.882727120140548,0.202490855480478
2.17818872025952,3.10943648707802,3.63557564126108,3.03966795084638,1.86038577368103,2.31837883510565,2.82446389216023,2.15998903368055,2.39980311639779,2.91164178958492,1.89234038176449,3.23205180880396,0.86739801483995,1.56653430945438,2.33346186110034,2.03191603270894,3.81821483581157,1.60809359103807,1.80524936444442,2.81042139207234,0.720636644533058,-0.71793107558972,0.58158187607748,0.00511653050979352,-0.490754325523975,0.231051737131635,0.099529847786735,-0.300108438579397,0.0349010424950095,-0.19265679843088,0.056758672625624,0.331065337260523,0.793008408072676,-0.618907749413425,1.06651668732813,-0.976043899761251,-0.0758925475177917,0.294158603242288,0.140495933867516,-0.311349759910297,-0.104061125178638,-0.246500467329416,-0.294682378472106,0.424801048510512,0.178507742982524,-0.346454797630327,0.449799937716625,0.153649760438305,0.40643105941948,0.314814420961806
1.67132288276907,2.08906284744927,2.79636065690833,2.7842950967267,2.69629854014023,2.35357340696847,3.05671367224418,2.19993319969727,2.81842807784066,2.42825182619543,2.52196113095316,3.30254027888612,3.03049840918931,3.04283047505308,2.67807245355322,2.52557023056608,2.98482875004796,2.56354898007441,2.45437794397408,2.23721669034956,0.0484979824963591,0.297578512718457,-0.409110341616736,1.04619363784273,-0.503008690749851,-0.607094306393866,0.579055436750034,0.395831346981468,0.312059908526078,0.31417275463214,-0.00612338642345731,-0.448627185742916,0.0379022790968632,-0.338580855756056,0.487559866708876,-0.0735286907510693,-0.412748598396256,-0.160692920826497,0.206465727137812,-0.281862276401987,-0.411110197783216,0.121843605745956,0.122483285554361,-0.253471587685565,-0.235519152809161,0.116024968678818,-0.724042170748662,-0.703731887188278,-0.359222110626218,-0.106723575855924
2.48322358021392,3.39860227844218,3.23899412807827,2.29779270283081,2.76288059013677,2.03577926043047,2.45345769885507,2.29225541159454,2.88534268954969,2.18405787325996,3.44242088541488,3.01070206360209,2.60105043638056,2.54209555810602,2.58428589975896,2.29612962294659,2.65325198472732,3.38174826690893,2.49359430456946,1.77444148922686,0.0122550871294714,0.248999145622725,0.725571803897521,0.479635413042603,1.07659122875578,-0.383673781444025,0.436160318360339,0.0916710028691759,1.09490146660884,-0.404149142677576,-0.419860921090388,-0.299696322722011,-1.0619478621549,-0.262877510840381,-0.379566330776849,0.0751968932381038,0.17087798788858,0.938085419607943,0.475211919093025,-0.288451827831202,-0.449207335674179,0.245959585753253,-0.660116603510321,0.915729382927177,0.589720060360644,-0.234587826052352,-0.856567264545439,0.676936187082706,-0.0572699226263089,0.618908155986731
1.78468938585113,1.5779204772592,2.47503481507781,2.52829788157092,2.51334737914394,3.1035116410021,1.81511889963639,2.38362605310037,2.33031156667275,2.41880065058707,2.94877587285864,1.55560328950209,1.60855484446063,2.84028622297948,2.83106196187687,2.66618576150167,2.88509959292026,2.00193177227716,3.05218252642689,2.53846857949238,1.03037396244099,0.877670421221602,-0.124482074239537,0.485785475477178,0.322687974792574,0.684315778766174,-0.482461730290052,0.34302572999922,0.529212243424794,-0.879369743211557,-0.591629256332888,-1.01961608888005,-0.134703417222279,0.358771127897981,0.751178526048014,0.0370473902098876,0.814307772785646,-0.690050729107446,-0.851691219677577,-0.0277738494483094,0.192032724469654,-0.0163473740470466,-1.03372105001994,-0.0445600197563942,-0.652234750252427,0.334836274415019,0.183299123048424,-0.469939893163678,-0.256933458668347,-0.529606760944476
2.5342582433906,2.84367500568032,1.9469451871846,2.8622763809211,2.54700045860723,1.51704895277334,2.33580298831328,2.04652147697263,1.94778251594319,2.42041194323577,3.29173960238957,2.50524396988368,2.31694387505639,2.42960451872654,1.88986406081326,2.26091884215843,3.11591551679982,2.77768531698811,1.98081913575704,2.48979254252848,-0.137525848575822,-1.15096058236779,-0.757595531099276,0.683437133722262,0.822483856750642,-0.124518019778189,0.288278481527883,0.155625077271768,1.53944040422762,0.559787455717288,-0.0639587957403833,-0.477770220300213,-0.803223160128786,0.101731817933612,-0.378175372642152,-0.711126854798837,-0.323286442121263,-0.540774001807197,0.843570817536282,0.440819878474725,-0.00398632065830869,0.739972069445013,0.0386841538238092,-0.430642100664132,0.761562038634829,0.269455021842329,-0.518623077163228,-0.0951693390418041,-0.437809126692379,-0.691399865482168
2.8638563049589,3.30166007614,1.84555303998942,3.01270968123092,2.88919277495885,2.50460814041488,2.55175502779707,1.91621475546374,2.21650038218157,2.10322434668022,2.6673793874678,2.15132712286605,2.32793761759559,2.16601344949494,2.31973235322126,3.02898196892816,2.83774801285342,1.85911977981971,2.39549596471996,2.51600814228773,-0.834702640560686,0.271680096189968,-0.331311879472923,0.28529933429658,-0.381629578271258,-0.90244105033226,-0.813771218941581,0.024042473330691,0.129861250860741,-0.452158312552204,0.319296229388687,-0.83076003113448,-0.0330398993236583,-0.605508099881228,-0.32591805390108,0.023699335658207,-0.430206682641976,-0.192277772114913,0.50314640460722,-0.288445934761574,0.417846056032571,-0.564853427328809,0.264902088957641,0.72078431032895,-1.23582225006364,-0.398447627735238,0.28853606359027,-0.101522693021496,0.185572936685654,-0.30199259335791
3.07872740549198,2.42619649168975,3.01643511409145,2.34857279721487,3.54949870173593,1.9720631072719,2.12754251028193,2.40847195697601,2.87728996091243,2.57688737615457,3.18716998077899,3.68954769596093,2.61875311172585,2.25990469637954,3.19295667283614,2.91643012594097,1.06159608888378,2.35672979610887,1.618578350351,2.57559241854819,0.00920918959477585,0.838218656137641,0.163463686882081,-0.109550264404432,0.414702790591745,-1.10556765450394,0.117807279054283,0.385432596943483,-0.739293122889921,0.571877021603465,0.169248203747207,-0.207643956950401,0.316390933053142,1.1353464289022,0.0909331275292476,0.124110293150168,-0.229680449770122,-0.424922184732396,0.415167908272123,-0.428041912954434,0.0357831186096962,-0.238828723382558,0.239489912873196,0.166831052643474,0.51876997212895,-0.255008199427374,-0.134937467646686,-0.489381857891154,-0.222146630038056,0.188650246522426
2.8478958933319,1.78618754887329,3.16006479387323,3.37414823753416,2.99833454133377,3.43440651566544,1.93315879345226,1.41003654983714,1.85645185598968,3.37518900047779,2.53744803831784,2.31063556255579,2.49995666957448,1.49236014675609,3.47757127082687,2.22446148394571,2.43095369373607,2.64127406245048,2.25240313960833,3.21871908131041,-0.395237227722656,0.235734178567998,0.941012248237517,0.672710023077489,0.796593313319699,-0.255607838215593,-0.49480241012929,-0.0628934600498241,0.0278624561443473,0.547095759235474,-0.84623231485741,0.764775159730307,-0.0790039492894947,-0.21344053497371,-0.506052187630084,-0.827428335932885,0.411585291980957,0.0366589835942019,-0.644980449870527,-0.647539386031808,-0.167892349645064,0.834510762644696,-0.129795675681802,-0.751571476559053,-0.122871532042972,-0.136361784873835,-1.34844332147079,-0.0271474332589061,-0.115467265104339,0.348103182406709
3.80024026678144,2.82957668831788,2.44728207371867,2.07197657257555,4.14400565805697,2.28402770900922,2.8345966811512,2.32356586518292,2.19828365913334,2.64506076183238,2.60039652379661,3.00294322143901,2.12370578536494,2.43796351995735,2.02063673552336,2.78822272700316,1.9313645259202,2.87316556158178,0.941752648853549,3.06944263966166,0.623042596248815,-1.03669511620407,-0.171343797040174,-0.185720432997896,-0.703755847358911,-0.388908343795438,-0.555287922732914,0.876135221711811,0.467839196573731,0.635777547497079,0.360836032021618,-0.564525885608615,-0.262260133139887,0.244687280613959,-0.611063904445973,0.356499215086194,-0.120162699079068,-0.187410403774799,0.355479984101746,0.22213165574302,-0.18048308290954,0.579664901682124,-0.540531663799949,0.307967803472132,0.296550628984192,-0.154773219656995,0.163066511121059,-0.625556788192651,0.462013509603451,-0.0924510682214945
2.04631410977897,3.22222091609247,2.45589654020599,1.97564261419183,2.20732170513631,2.92775296450942,1.49471631064981,3.78641004505368,1.27748842537634,3.62135373405069,3.07762899856784,2.58864984728392,1.77869281264613,2.4241044072231,2.87800598885312,3.00091413531542,2.58098588481367,2.80279820558002,2.52709075251717,2.5551671318551,0.15390088444603,-0.855084196328313,-0.674092711052857,0.371632047011357,0.0854327190639709,-0.0919916681763396,0.00921696653269658,0.173790852680836,-0.269879840154681,-0.389152362701156,0.0979226275488408,-0.489186388807516,0.204126377857236,-0.85129180211892,0.514577818662822,0.236298741206522,0.128014867156938,0.491345491972757,0.832737222231288,0.507185032509065,-0.920437115665823,-0.639788483367851,-0.312409288847839,0.0130455251054169,0.258829510234562,-0.362871906576733,0.0933833822385392,-0.377691466176661,-0.305758901495974,-0.703330548424111
1.97578286557841,1.73035716347213,2.26943302109874,3.19289175762426,1.94811055539869,4.14082472631664,2.70794871590151,2.33691940954712,1.84312990023839,2.55653268881157,2.13045808190001,2.93112219082354,3.53851371482524,2.50851277844311,2.87762985945461,2.07031907505562,2.02949339115594,3.31923884907079,2.12840485716463,3.56831066220917,0.353875967727738,-0.281233387947134,0.31620386952776,0.486277224813365,0.310904981108598,-0.785112359945228,-0.363568587912434,-0.123759317775752,-0.0372167145500231,0.310336048775339,0.0888505004666269,-0.667672179355051,0.190098925502982,0.305292872641912,0.27989522396552,0.540390362777311,0.416961077274452,0.229590039614218,-0.0350828557293235,-0.830480466757996,0.214809109566293,0.103843843581556,0.135789418597687,-0.638374287910155,-0.540528270204131,0.526576426666452,-0.0197775769283275,0.340750348686312,0.0141591880652306,0.0148780697478726
3.03612617696461,1.8824599984057,2.87331986168355,2.33195326771408,2.34226994143709,2.34265923225014,2.45573965165019,2.32596639109288,3.27055459356534,1.52862764148658,2.24493592671549,2.20365037974184,3.30034012388515,2.95627069003393,2.78440002535528,1.60783125943616,2.47976489974066,2.70435712078036,2.43698604610403,3.26398085352907,-0.258644225050186,0.70467372009279,1.14944906180963,-0.18141928021983,-0.222751260700386,0.72669223855885,0.789786072865356,-0.261430013576634,-0.210093408547929,-0.140892304430254,-0.672225255517139,-0.459325973242099,-0.502070383376034,-0.383898782552064,-0.0173424436933906,0.11710736626826,0.775250246407038,-0.499177020369395,0.492161199238292,-0.106994422112754,-0.0247318548262165,0.337409746083302,-0.561361010781149,0.191204873092025,0.083226104106528,0.246225632004075,0.144584321953909,1.22765006995545,-0.318869992125658,-0.265498477500909
1.87227908817831,2.35060575896574,1.67073576734124,2.92610686662111,3.11140533392953,2.71708475499948,2.00138152202208,2.07533473615793,1.62422180580114,2.82667478478176,2.78559276716262,1.85476469978956,3.32402363240533,3.74661671579946,2.03172828853667,2.57462238684006,2.15332822985453,2.39574404511209,2.28715971785687,3.42264867918224,-0.0884736137470247,-0.399148622269227,-0.689659614007264,-0.36546501997096,-0.0165634864368985,0.897278931758894,-0.258805649518086,0.111893975819449,-0.00821144803637604,0.594196636724042,1.26346621293681,-0.26543438646016,-0.244719721259111,0.522080438534536,0.340945744813156,0.923353662868017,0.291964092662982,-0.17964604539353,0.295327415346155,0.554351790291454,0.410241090598682,0.253637015553649,0.533337344794577,0.584647795222836,0.691079495518764,0.324354943794821,-0.0835590401584272,0.0733568432166614,0.603254483254178,-0.408467835493618
2.67045828925655,2.33756104150428,2.53293741733355,2.86095993206013,2.53847728068599,2.07398427349635,2.22904062204972,2.78203896114421,2.67607625485743,4.05830946018595,1.97343692245873,2.27189902962238,2.29582574439481,3.26836522537189,2.5818417226978,2.86141340332052,3.57554685010676,1.91847482531795,2.45940386946206,2.42990582467748,0.536815874929886,-0.51325764970553,0.066484837073438,-0.350060407469587,0.597523314462421,-0.761593452391887,-0.279460923635794,0.18860593753226,0.78276201461717,-0.0328751305364939,-0.277599763346599,0.940578534720295,-0.724006950208122,-1.09940297831004,0.220007225026666,-0.251027112176306,-0.510616408565357,0.354178223649677,0.121900356885599,-0.282039315368364,-0.640152199335447,0.436228664140072,0.32510058897933,-0.0495879318896915,0.923318498023833,-0.535042383163076,-0.762762585462369,-0.345954034940622,-0.0227930081777489,0.121669724661346
2.2034574264052,2.49009605978099,1.60159938666239,3.72723975241767,2.71161360890789,3.06560670936128,3.07666739893495,2.27461791998723,2.38567210071682,2.07046396035025,2.61153701789679,3.21308582307764,2.62911815823044,2.89930445211222,2.03181510353656,3.46100503050894,2.23369210444206,3.62038650089521,1.91209237140081,1.87805970658031,0.0640522074553946,-0.34052582873744,0.420321774494362,-0.326311989651195,-0.22309171660739,-0.944770365472765,-0.226153159624538,-1.21193966331448,-0.791951411742862,0.380207328072149,0.392900079325416,0.212728780892482,-0.483488071564606,-0.0238556780709899,-0.0018012695452842,-0.579182344596271,0.751699150883575,0.438681145287836,-0.110482086914832,0.0134429194972654,0.104191403973776,-1.02086743421215,-0.123588691260298,-0.340992123998899,-0.500810004947458,-0.140550146442977,0.898843263424761,0.320421430633505,-0.285589494891398,0.286291390678079
2.84334814631774,2.84311986569098,2.690124654551,2.20385969302399,2.593649662873,2.6986246395662,2.48813601544077,3.16266611961047,2.96319115181079,2.56794737749631,3.00073752668835,2.44172700582422,3.30837440032128,2.41825827046314,3.15515255438408,2.79233402145588,2.05955527889199,1.66526809300535,2.1687321255669,2.3583505088921,0.26141774401775,-0.28685000196929,-0.0121772961304914,1.07113517930593,0.863771585050356,0.218161834837016,0.0190017390841001,0.0600156633591307,0.306758986365208,-0.511396282599203,-0.128688268711673,-0.834292036938795,0.19961156130264,0.323597969851371,-0.241593231149687,0.786993381645016,-0.612882831501171,-0.73218744010491,0.112225909279986,0.523549151306077,0.841963845728934,-0.22944213143447,0.539340416715648,-0.0192542347503536,-0.0863136499704098,0.441829968743336,0.32616143920671,-0.788196078492125,0.738270174862948,0.690045677073726
2.19738946634994,2.34077944601636,3.02480762335575,2.60301412480605,2.17156862464967,2.36095595736725,2.77639504472704,3.08033488409879,2.54043998743243,1.78250194912331,2.68003442821362,0.890565015690574,3.10650008608374,1.52659904626954,2.52515942091386,1.75627007130572,1.83554691208366,3.43560962664833,2.36869696353054,2.65524067835879,-0.023460289439592,0.238520413611561,0.0384109455301277,-0.641496112094285,0.49813340972357,-0.246878291580656,-0.778290949329876,-0.214057580482956,0.750379895317155,0.425110871056746,-0.17432606720393,-0.174628852159214,-0.160817525608691,1.03837399178042,0.190967726115777,0.215020823595535,0.515141727015921,0.119394579513257,-0.129521072910352,-0.0981749245424891,-0.035800629707032,-0.0186111182549208,0.36381477181849,0.0259729429036497,0.36632003860779,-0.0403582900542912,0.0393175951580453,-0.999100342266054,0.458163837351241,0.173244237948996
2.81842172234927,0.861902891888662,3.28900337650478,2.26790312618754,3.28079115999205,1.91348055504955,2.40145503171692,2.50374300633111,2.28410507699565,3.03493265677944,2.27210412144608,2.64198235143839,3.44641149333359,2.41540720650864,2.86802166837857,3.10232642932482,3.51311150109677,2.38793651582514,2.28965674914535,2.96428885567971,0.552762966478992,0.59351515278019,0.319365111014592,-0.571502456365242,0.816715766150548,-0.573172696509344,0.151317732619517,-0.377137925009679,-0.0320691732964963,0.16438120515174,0.160678607725137,0.210960377117642,0.806855634529324,0.22676715075699,-0.122078317645324,0.482043584144179,0.59473524446232,-0.613803907568496,0.298700034924929,0.350586371155449,-0.148781751679996,0.68785340665581,-0.0750277935162634,0.0627882267357711,-0.0865359121419348,0.00778952379073377,-0.548137543447601,-0.720025441297147,0.797252531612486,-0.423480674159164
1.99332683296897,1.62119994262285,2.50757416746138,1.61402628390976,2.73081006080039,2.99853511088844,2.24398608640173,3.70104320897767,2.89288076924308,2.37500993814487,1.70493058506889,3.75999153698412,1.69320323911728,1.52724128139276,2.9603295087015,4.21089819171883,3.1371461963974,2.77601625666997,2.65268309955175,3.25640278662274,0.379464294893383,0.140595711984688,0.052100551975938,-0.0312965639497612,-0.376982294433338,-0.140337538433387,-0.846478407097693,-0.0491698133973749,-0.494295553575459,-0.551794658607885,0.0899470755767392,0.6960011431723,0.459158303001157,-0.785250301811589,-0.494814068285169,0.470385593994108,-0.491243696769155,-0.112316574998512,0.275026049512276,-0.484172227431818,0.05268775307298,-0.667012747459102,-0.300683821975607,0.159890967071268,-0.796496866765835,0.220237368980199,-0.00981889946334061,0.276244977208574,0.111957067032331,0.682070214986922
3.15056342774736,2.42048114426679,2.58598062265177,2.78268386447046,1.80913799852713,2.74384110488739,2.18925408089538,2.29705215642274,1.58525870587504,3.25945130790034,1.75476090135341,2.46003429632396,2.02716841623447,3.57226028510516,2.4817838865585,2.74116623833815,2.12469079990248,2.44399454446498,1.42401173242411,4.05241584592083,-0.593799209514756,0.154910355113514,0.316888440466049,0.206899548725749,-0.0926438294388541,-0.0649103498667131,0.0219057359895548,-0.0735010008142443,0.481939558397455,1.10526150079568,-0.278745892503917,-0.684901489789539,-0.0441410241756274,1.28985466882716,-0.401837283984865,0.819558402722034,0.83885040703822,-0.276794120853997,0.284491539592638,0.814198311564269,-0.189563870493744,-0.101790180051181,-0.290840456974322,-0.507378365346433,-0.324638772533004,-0.611970133381128,0.017041734129613,-0.384986615529321,0.116892955895374,-0.777947823101814
2.87638287877323,3.07672667617426,1.55275327680418,2.27242301431605,2.96874935437001,2.1477137230896,3.0209201844841,1.94997870980778,2.07936226978652,2.42958819496289,2.81983248118527,2.75655828876057,2.96065973989255,2.11729414503349,2.94333982844405,1.33745181730352,2.59576151366887,2.23600768826869,1.76036634288104,2.6671854050005,0.545655060297135,0.304569060453589,-0.546156382336289,-0.158204224847401,0.606548849989592,0.0708584568199524,1.15966476999085,0.196658919697186,0.0960245582450158,-0.154558232101251,0.0667704523911412,-0.0762349181902719,0.354054338344295,0.478351158397292,-0.392994730253975,-0.665616476778889,-0.918102686551648,0.253995663456272,-0.551683303086937,-1.07644529647624,0.194289302265482,1.2464997587164,-0.00303545576994666,0.419245387225821,0.0409146792737825,-0.0494448265955713,0.459538241493884,-0.145137272094326,0.133696157035951,0.160848903098007
1.9421721352358,2.79755874201367,2.63854596070302,1.93776578514625,2.51135036630084,1.86727588809611,2.84968027893083,2.49935351399098,2.98917247530872,2.70434746682966,2.87510462092538,2.68413163161917,3.58975626179069,2.84205404285238,2.45705049532909,2.5943520332052,1.65075132152273,2.24128191995256,1.82551452717116,2.69225293966813,0.0283249624485536,0.264846377178365,-0.0352493890295456,0.243250821913101,0.0322372074050601,-0.987733283176936,-0.469667696909377,-0.0720437778608077,-0.604847371420554,0.299964364998102,0.765375416171849,0.609380925848658,-0.106721435465104,0.745363068424976,0.0743337286010558,-0.16854298555902,-0.30670133177047,-0.151234843244064,-0.194088409270614,0.0852081111877439,0.0802869905249323,0.00152301007670723,0.218469084873175,0.595323137393171,0.474777067720662,-0.742448984224952,-1.27696056745098,0.467159955619637,-0.683439349207711,-0.112382700946342
2.42170016706582,2.09998661563138,3.1379159900462,2.82029143981253,2.10217250638969,0.703127922179326,2.8376398364283,2.83659542614581,1.61295714415209,2.99009702658567,2.2005157203855,2.91163236006735,2.50800144391983,2.20506867152331,3.07921368907641,1.98545684615315,2.50902064204605,2.34802526302601,2.26959395264805,2.29013317946328,-0.0864730299617115,0.855854240071172,-0.685950571465678,-0.806780698938371,0.735585163746804,-0.104661838575933,-0.334536369329958,0.519952343698038,-0.302807769868432,0.913004856773468,0.338962935669635,-0.243955704072851,1.07865410663275,-0.302857461501669,0.371047686004653,0.149646290203246,0.650870644699399,0.780755598363426,0.0160020745328833,-0.376708935173092,0.229986071469558,-0.338857684876053,1.00669362376331,0.0682676655413687,-0.182660775656054,0.0923401529324542,-0.673563144764848,-0.485807019255326,0.600206953972213,-0.328447139485698
1.66288566295681,2.76044813828269,2.90549894080493,3.08357090736395,3.00747131158151,2.32862455861625,2.11540779447644,3.45815239851416,2.42059561086703,2.07511981421905,3.16326123772446,2.61818788409558,2.62472469902954,3.47014092722547,1.88426321237526,2.37671848730042,2.32806364795021,2.69230997500888,2.85978109957802,2.7586225490863,0.269148039524816,0.536253668654901,-0.182476364771443,-0.419604833669503,-0.522404597010517,-0.983178294688001,1.02810356497016,-0.551604182860842,-0.110626811792886,-0.13840664994446,0.15370334890455,0.407868606269648,0.430236744179873,-0.291538719284469,-0.0835608568932057,0.14128997524415,-0.124345563091774,0.803672788009996,0.245487475819126,0.367438893024909,0.331440634333706,0.586736928742662,0.0905107793518535,-0.648415973977923,0.199843975876321,-0.325678446895915,-0.264308340874878,0.293182009377547,0.619141535716818,0.0106357883680308
3.22449703359277,3.65802443889329,3.11343904248044,3.91817992017002,3.13300776971171,1.40242920128175,2.68336873044567,1.86883713060015,3.50072001925406,3.29868786958095,2.26481883440393,1.81166536993615,2.1693297372497,2.1895358383386,2.54721803868861,2.27145761004599,3.45778381136838,2.61433423339575,1.93607678657241,2.85999953461236,0.598315743322826,-0.304891452159691,-0.0670085833364588,0.00734409736459855,-0.39244915654112,0.32414021692193,-0.0604740743038908,0.209766221953514,-0.44374608890105,-0.218729150161705,0.361190678913886,-0.186416576045883,0.863481925616703,-0.199818092807301,0.112342362875943,0.466295415936545,-0.709182866466516,-0.880404405990388,-0.762828157285047,0.631292051713591,-0.275929072946223,1.27909964283413,-0.282123799328694,0.0922756515985185,0.771054976283938,1.00304644407956,1.0307517883182,0.604183115296571,0.512031262905731,0.296263474600592
2.83271980645147,2.193331085814,2.02673800802245,2.78940763183101,2.54053567677578,2.33956103665757,2.46690820740067,2.86407868132131,2.81380419124768,3.25007401246481,2.12701488380999,2.93312381045843,2.45317066046124,1.59467919277339,2.30536290601993,1.67306136699159,3.20620939487921,2.71760209353233,2.10501644615401,3.38087471507469,0.610516847762676,0.291048851734308,-0.113242049424916,-0.47971961836174,-0.186103388035527,0.544374309852093,0.942293152967305,0.771621764136095,-0.244424710893137,-0.559808716644506,0.070443123455602,-0.884219682781426,0.161583857092391,-0.0738012931493343,-0.233018250934121,-0.797351533633398,0.256800053284858,-0.266350419830956,-0.584958417855144,-1.43613110664082,-0.0137574525253181,0.886125798334872,0.830629607273935,-0.228548128293136,-0.30110603018089,0.234387128037512,-0.499192719594146,0.150895949909733,0.383040139192345,0.613466611942154
2.35380744392899,1.86434344575935,1.7790183578767,2.22955513522024,2.90153284338904,2.6544251382844,3.05513563518886,2.38415397174567,3.00307610361969,2.47448241246435,2.26716932092613,2.38584149197339,1.33330078424905,3.03155824237496,2.63364236932064,2.57144592932413,3.15890923498174,2.45559610022359,1.61679936926247,2.30495590357728,0.397132339810914,-0.627144711584625,0.146778966083315,-0.678290902311703,0.233214991216763,-0.0178207411487418,-0.807565907952755,0.582369677228586,-0.367295788399025,-0.40512621850719,0.100284598615471,0.574318674714358,-0.507910909489198,0.0308399249239858,0.214408250165286,0.346552803631572,0.0882207776386126,-0.183513919541661,-0.41379511032436,0.0430719415231874,-0.536069505992803,-1.4606752417473,0.218279902078834,0.451967420543098,-1.18146621777092,-0.504865352354969,0.309577130502599,1.02874773485585,0.0103968538377039,-0.364001470614567
2.64447364304632,3.01957432398725,1.32710882339491,2.50816084492408,2.48678007478423,1.50045143672464,2.37906452046353,3.78279395809298,3.09587856209537,2.65541525574054,2.30126063535427,1.74330082129542,2.90227714703574,2.79955333647425,2.14700732125615,3.85481388745717,2.95245883023365,2.11079603829894,2.70036140853337,2.87276919250421,0.0566352052688822,-0.719138989158683,0.459614467287602,-0.334072042769497,0.936648888108773,0.540024032857324,-0.223660947829376,0.640508180867556,0.0339277552637016,0.42638683756111,0.242366408647237,-0.423178327495437,-0.321774916158731,0.514980408790581,-0.16738766605327,-0.201824231620998,-0.477561289674676,0.211799532796731,1.03126245962157,-0.533766457127136,0.012109728336379,0.706110277707715,-0.0398206956228576,0.226185898124867,-0.53119676407344,0.214153548603824,-0.0935721325022744,0.492864997839931,0.593693025782376,1.29478182100931
2.77338307850514,2.3861742628379,2.59940095521574,1.87985277249502,2.52295189544436,1.92142313545205,2.79240745809218,3.37377556973188,1.47764989821488,3.47010500421469,3.90778207159589,2.45476765252536,1.24673827242831,3.0433881837537,2.7528067237898,2.49459790891129,2.05423556564212,2.65115682552162,3.02823170579031,2.62377661536415,-0.119466049584847,-0.183412205907344,-0.195879074521911,-0.461205092249251,0.807687844734721,-0.16116023460567,0.608579260412748,0.760658025961226,0.49915544907398,-0.215810156359024,0.201865045168305,-0.0120978031954581,-0.451850930365064,0.162179640860801,-0.589519895579901,0.593839694230782,-0.232308648649197,0.10057982793642,0.141643935773071,-0.129452486852039,0.293346900737637,-0.237451828311262,0.435648648728622,-0.672989840123374,0.0631897897732059,0.969464499529142,-0.500165662302787,-0.338872485262426,0.256953924829458,0.089790890969799
2.38995973852039,2.64204701899999,2.51528252599734,3.06919751691352,2.53565047450611,1.9311598347038,3.21283058711384,3.3006392104189,2.05324208531612,1.96225760731842,3.07405180443378,1.91586940034949,1.51315952713071,2.60956356796813,2.74564454978028,2.61192151247094,2.54602016825171,2.37169950879433,2.82323559630043,2.46609403719007,0.256552899088041,-0.129773338791959,0.369405240443752,0.307683742006527,-0.467719351022298,0.542991058087516,-0.267981722557024,0.404028899140573,0.18364365670067,0.919091838397561,-0.111732991185926,-0.174658398059099,-0.0097098029438663,-0.151589891417138,0.399970950971025,-0.808155304218294,-0.526841209573177,-0.533901460789597,0.475153795986788,0.855306686290963,-0.0522246092687357,-0.0844108615950053,0.0350260815565907,0.580939151304095,-0.463676567095287,0.119184491367393,0.487598814891215,0.250547084969923,0.0947908082993717,0.500523046283571
1.14073561492482,2.7737900176244,2.19047324568166,1.40352587220069,2.65263952170958,2.56109154090998,2.72339361194186,3.066076607698,3.07410237578429,3.7270777211986,3.34608720880341,2.56022067394339,2.79473804589193,1.81843155900419,2.49534275158029,1.95065002094643,3.72062007588232,2.3335296067175,2.728384838886,2.20425935181704,0.0218012231862269,0.847525520215377,-0.311324680867226,0.0973037276186214,-0.371235292849024,-0.660011255610353,-0.305884545452643,-0.018518398524206,-0.21465111225863,-0.346210489936928,-0.703158731835917,-0.0415527863143474,-0.752360187015501,0.380027981844801,0.0412198764672516,-0.728775749732465,-0.154604538524932,-0.376078202795292,0.15958725520959,0.670225223011572,-0.937586234822872,0.0575130395737086,-0.0800663977833202,0.335670038225233,0.106598314118845,-0.37598466586941,-0.159526967833309,-0.398012928401745,0.538003569299299,0.0106558243359711
3.32043330398275,2.98631612243515,1.91567637992468,1.56199131444563,1.46404176033704,1.34349018773066,1.97107909263727,2.68518659205788,1.75016247620843,2.93176763647646,2.21500590557391,2.58630876724789,3.61296275559294,2.891285802154,2.1935099029209,1.97006624182593,1.59789632726238,2.56403140394176,2.2059917588354,2.03609037253307,-0.0656284835461524,0.0384259414793841,-0.112427990904039,-0.32500129041173,0.0843273359833638,0.220970324784705,-0.545199538721423,0.705466189873135,-0.0492940661421309,0.00942481147242383,0.354107211628279,0.116608065631751,0.476568316956623,0.143562082600912,-0.306218687320219,0.180751762603051,-0.571863103660331,0.0542798528882616,-0.0166149953222304,-0.10405842863627,-0.0642687557194654,-0.94092452274882,-0.274362453870481,0.0464224505705574,0.0799281959987002,-0.513837570462979,0.63285392043235,-0.43308742410725,0.484728600263368,0.213597180935842
2.27839357765889,3.08988204428611,1.90930673428564,2.51987492960237,2.46957606789967,2.27471381782935,3.08107022763293,2.43566086498689,2.63897832153742,2.33724090478647,2.41926933867542,2.53547374507543,3.31403606767653,1.21894290992292,3.0934345401485,1.35607252956799,3.18739945417907,2.96392315702934,1.79891676900604,2.55055331953817,-0.552852334242968,-0.107460515144368,-0.154017142092871,0.38983026613467,0.655154373059804,0.697841905394978,-0.281084013289151,-0.104610936872264,-0.841719096110475,-0.402935033248094,0.482425816548729,0.807791411774116,-0.617174435939961,-0.296232129576447,-0.0132028784794635,0.140080579409803,-0.404801759960823,0.212030522232045,-0.236919673535458,-0.00722613543913955,0.27314212400185,0.00321113490546891,-0.218192945263284,-0.0548049019629154,-0.0441814796026677,-0.185005514941064,-0.129398031333551,0.799323585252358,0.280459723970619,-0.14774015901458
2.85730637975863,2.48808358890279,2.79216453783808,2.26337601292079,2.47851131660993,2.62820455625672,1.90249232570193,1.91264372974633,1.96456009857086,2.08445678839948,3.93278858162682,3.56637747758671,3.02830164182214,2.49959473640634,1.69187410358883,1.83780967107557,2.24172847552378,2.08278397555869,2.42468524188828,2.47334692019047,-0.989649905187894,0.373955128058767,-0.536371512869903,0.119623432055575,1.03704133487499,-0.459692295793212,-1.26514376137316,-0.143002110940055,0.550479817499286,0.979173727110297,-0.614774797226208,0.248349611618261,-0.232655228390027,-0.0529741771520678,1.32217167350852,-0.751485164197577,0.126869830747287,0.233846585882717,0.542893162469674,0.0489915767354477,0.154025269752051,-0.195824283710896,0.134563470622554,-0.171596137748705,0.310785944928025,-0.184805168021817,0.188550196951093,-0.0146314068424892,0.563025125386084,-0.0256968617942431
1.24372167253048,2.92561323117316,2.18433113389472,2.80258327303961,2.16074465257981,3.36455988196259,1.40007145205311,4.65154794525689,2.50386190444345,2.64000577046539,1.98488978962324,1.89080556626781,2.84979983012501,2.86445713181927,2.69235115167906,2.5129321136157,3.33082062006771,2.34691081676381,2.55558316819868,2.87207560254937,0.296778361140431,-1.47019431733214,0.32795038826488,0.0973680973593874,-0.00935437822294871,-0.194259226544443,0.562056359993007,0.473763231061429,-0.386438833911805,0.203526143562268,-0.485828367270643,-0.689809082394465,-0.313358612294983,0.431196736191379,0.476562522688043,0.256542710048646,0.362547893423999,0.258089143557479,-0.320740797611476,0.21596127233697,0.400204762613841,0.377145664906787,0.594456685737321,0.354151923600532,0.175724103770791,0.535075119158214,-0.01326062962453,-0.440937325613859,-0.0815334819718819,-0.372451322403225
-0.337589137487191,-0.0722593353577589,-0.396209960499981,-0.15398076481952,-0.946807333476893,0.106646853686469,0.000602737681112118,-0.408544315534095,0.329622834216203,0.468785068813279,-0.803779932184487,-0.381362389283107,-0.384571174893649,-0.469951550554432,0.414737420965874,-0.0969130693864018,-0.132257420655305,-1.00193118220338,0.317709015104613,-0.619629197426736,2.91853608764534,2.86721836646241,3.35717375310041,2.69125936010054,1.64339941104489,2.93294876659662,3.00899200997224,3.31117040949395,3.71573797695884,2.48498340719206,3.53452656993475,2.74580962073355,3.1038680594349,2.80018859002287,2.59951125421457,4.38507898203822,2.75178118274232,2.59836332271256,2.41226674202719,1.83589078541438,-0.347356565544529,-0.204641219056552,-0.262044198967296,0.076177436016861,-0.4112099661911,0.560515333662236,0.000103532459098547,-0.00465016056930721,-0.163947358256459,0.0775953419294896
0.412549132333817,-0.43356510785545,-0.329058244537628,-0.151863014388332,-0.672935461736607,-0.409628929860749,-0.23811043677233,0.437194590356364,0.131280664500962,0.0967949556837722,0.425448981083986,-0.0686858941996983,0.195232424964445,-0.0516108764662481,0.132681174699814,-0.291379328805791,-1.21940857913821,-0.0671395810931521,0.71137406804997,0.463107701120796,3.2928144587659,3.4986434352164,2.50988213927499,3.2577311383312,2.31210561686323,2.1396227338505,3.07517854889653,3.41225481129235,2.77845369211103,2.98354508867982,2.72932932840754,3.06471748715393,1.7471172775633,1.89807557429775,2.58002429447764,2.06363546885467,1.97452749313671,3.15943349910779,2.20507180615168,3.34885036442446,0.16337238230116,0.150237179805414,0.311103572021701,-0.569416558890385,0.519555893710134,-0.0378821432677299,0.335240308620606,-0.535928616520078,-0.776879383008032,0.408944829012514
0.188204763048758,-0.451025777178755,-0.434831540637347,0.562717392207385,-0.594705946433664,0.821336476627982,-0.450310367323934,0.319195962804191,-0.164309237874492,0.301593715541172,-0.272057001057096,-0.0813964530361471,0.0204595876978606,-0.501093727890736,0.370412172710063,-0.256606783235793,-0.114299957670009,-0.497174687304256,-1.28116682939766,-0.0955138813000845,4.11381106412926,2.83333476536401,2.34231687665686,2.03137031058567,3.02753203227771,2.91000368416971,3.08777462008758,3.05885432764517,2.88125535069195,2.98947497176835,3.09217826594641,2.6687473272114,3.32013028218416,2.80233054987409,2.20850212899041,1.97373469172882,2.18385589724983,3.41908936990508,2.09015236845508,1.87680625887882,0.0823804206182584,0.025443850928009,0.0866708321852041,0.12197659895425,-0.111601127317403,0.744931719301041,-0.800451989238258,-0.414248512390123,-0.0516273800745237,-0.821594405577084
-0.0879272022160356,0.830735082864009,0.0104432441479809,0.115350452859342,-0.63008238258629,-0.308180704019739,-0.187598190161968,-0.158857548378117,0.640821897501884,0.278845530362562,-0.555728978468516,0.123252389216002,0.249110874248393,0.570074519260633,0.790270343284187,-0.507547095913934,-0.405428755605169,-0.628788929457308,-0.117009929553491,0.233179187223167,3.6666889974507,3.13043355106118,2.53963534213923,2.33770266216678,2.21241701676847,3.66482294267227,1.79902899775755,2.68305461827839,3.61576424089738,2.68743743751067,2.51431815285459,2.68377404118246,2.81791477389025,3.21323071118352,2.07538864213736,3.27269816009598,1.60268123963033,2.78090725679231,2.34015534952637,3.19066407611258,-0.799062175941874,0.231086333040971,1.01215481164343,-0.681587002296405,0.0948530838051978,-0.330991088898305,0.212943603096518,0.00957388870787603,-0.320743454522155,0.243936142435537
0.902174054893372,-0.0954518958636493,0.359878971074091,-0.646636478935582,-0.478218188409004,0.236203138940189,0.742058014267982,0.17780667439283,-0.156529015261577,-0.000354297288322959,-0.625203866984859,0.302257663177683,0.441166531161705,-0.22604516641654,-0.235021073879751,0.132939114826024,-0.218359868020298,-0.0330663073129112,1.04986089458326,-0.123512850372998,1.89972934365923,2.89396587962734,3.37378400816209,2.25924494864205,2.0316803436854,3.96233178736576,3.28858753120743,2.24953276251086,1.18691439607491,3.19852338323799,2.38936920266927,3.40996072861223,1.39522456268874,2.79021263147747,2.32970282579255,3.46740108090138,2.33579082858285,2.6474845161916,2.60774439598266,3.47070083020074,0.0529472265576171,0.292206490236242,0.988220292257743,-0.782120805855526,0.808606287484312,0.0521779687616065,-0.449392024161564,-0.665156812869495,-0.0945601953885167,0.46082505596223
-0.0637745601887671,0.755577465123674,-0.725587845025779,-0.00604447392302728,-0.62619672220656,0.181815941312484,0.44344369504865,-0.210380896840527,-1.30210692831357,0.0994740733982473,0.218369275866755,0.202147377480849,0.617891095911077,-0.535526839824524,0.340108052725225,0.596253756238987,-0.889293792003258,0.159825912959489,-0.252089915503836,-0.0407613365508229,2.95277213331388,1.79970234269684,2.41655574572438,3.13511935434539,1.98825322484348,2.14069794488517,3.08684659041296,1.35574881846013,3.63456052308585,2.76088294245782,2.08881726534654,2.43520733298771,3.77434041843149,2.43123407115858,2.49732058738901,2.76297591887016,3.43105046505594,2.11219816579137,2.69501202873695,3.18147150538279,0.869449831898789,0.489429025390898,0.042659071282512,-0.404132860820463,-0.415222203278283,0.261257052632879,0.209199110444342,0.700799296473215,0.32522504626807,-0.751540150879909
0.525973808861459,-0.499030313657206,-0.191985635976176,0.125100103125847,0.997833744891982,1.55495927800268,0.303361529568091,-0.0915983093601939,0.267252824240275,0.443827712936918,-0.160333812778596,0.897605677956161,0.115035379595701,0.248871544545697,0.332962126027231,0.210793305307228,0.419470250234806,-0.308626593273462,-0.279150876973015,-0.550077116485847,3.3954357138971,3.23785811455487,3.22212356343098,3.66184286082118,2.27148886204318,2.87615207877765,2.45586636321376,2.65644689397075,3.50206585037459,3.34553342428272,2.36300595895711,2.52538113275478,2.07193834381657,1.92727217979666,3.74722414744679,3.22012652896655,3.41844323980527,2.35070566134773,3.17690112742067,3.1392891035716,0.349414210101267,0.210486472194695,0.2460094239964,-0.26301742133379,-1.07667145993562,0.548576355876848,-0.239418728004202,-0.43138788202156,0.346739455956997,-0.196006319959565
0.529968192023311,0.308502974788349,0.341784661600239,-0.682977855600267,0.6059719926932,0.130625265616928,-0.184638569623102,0.0716942336711255,-0.88811761644916,0.204326405740335,-0.514685754091036,-0.676335142921767,-0.761179593108946,0.556344187494963,-0.314631696846394,0.76686385495825,-0.267900731526149,-0.853678978796473,-0.55826221997433,0.617905810003469,2.32578740441847,2.75727689022583,2.88034209633258,2.5875612136093,3.50656459950679,3.77433057639767,2.4397777113048,2.48675111303555,2.0932383974016,2.48171340935655,2.35909975557132,2.32904012594416,2.75692189424771,3.01855215500634,2.97566679197058,2.67819405393017,2.64785871229144,2.51865750825935,3.11140411465339,3.93377027438785,-0.923093931119047,-0.464755430096205,-0.74826462754504,-0.325011967203449,-0.0417189848951804,-0.724822609849265,-0.460929906562657,-0.501978686040749,0.103633664699472,0.0346721685181252
-0.360868776668627,0.088410436069699,-0.273340042293633,-0.135827555163027,0.836726045149269,0.670230525895174,-0.649790618463799,0.414866208939587,0.405698277245796,-0.574131644376309,0.40938882187743,0.768965959206276,-0.561272403122207,-0.458751410507132,0.508830733421751,0.135747655412824,0.275738137619762,0.170294608200248,0.195347960464072,-0.663236064155541,3.07989512227413,4.01638422505138,2.69577101209281,2.36560825822245,2.44487005386872,3.09489779452741,3.34136595037114,3.13606126706312,3.46356334617876,2.45528913106619,3.37501697624757,2.29039448289032,2.99398127014541,2.06670369891114,3.04674847612343,2.42366078803981,3.23025659331772,3.39994979008748,2.65357520513568,2.14260444763573,0.87479195210271,0.690727039345243,-0.646131347552809,0.344853902622597,-0.251487385275672,0.13174360766553,0.147112064506747,-0.117203900158161,-0.391882832793198,-0.34527052615813
-0.458095957740621,-0.415911104115222,-0.0335891450246776,-0.357879994555376,0.34102603285631,0.743623077667964,-0.290026620685021,0.119702250267689,0.249842555151467,0.236001135459637,0.0379776339580437,0.371341209179861,0.241124476340329,-0.618831211163649,0.434578032194637,0.443645418633371,-0.381643052089291,0.018968917723801,0.341664496405535,-0.104656909789681,3.03695676801999,4.4689132544681,3.00441810920758,2.22735175158758,3.42903036837453,2.99003679296131,2.44543274321012,3.53890775627919,2.26117941164875,3.02826330714287,2.6584000467311,3.75160579772567,3.49676564399674,2.57230961134384,2.78427990480217,3.28123473876702,2.95222910608375,2.4120732529848,2.95307933691076,1.48907920998214,-0.00691887304711862,-0.344863887032087,-0.246561411199886,0.721816001734407,-0.628253447139628,0.406602593373989,-0.139481465165904,-0.139880084247917,0.395185948025856,0.170025647284445
0.285306498609765,0.484092330266431,-0.165654191591661,-0.306118367253875,-0.542575263278899,-0.412705264989478,1.47454721265436,0.622339790368393,-0.675537183104011,-0.661228978371785,0.240933030859246,0.273632398688983,0.274441917658682,-0.127477896776849,-0.0627271300014501,0.163939762079679,0.0429465031466652,-1.10965018637377,-0.114899815287597,-0.425703217130157,2.55338130198433,4.10335025118037,2.70112277766488,2.47883641129146,3.19665565777527,3.29249028950402,2.91369953361421,2.62773758457696,4.17029213636332,1.98342874225253,3.01919991027434,2.47077038709144,3.13763944869196,2.6689106085134,2.73501753621529,2.39406216897191,3.94147701186985,3.31752726097268,2.13293924379036,3.1166446824166,-0.354789927374586,-0.629252455337667,-0.108508525212185,-0.15424139422791,1.21335824317276,0.216479912680348,-0.688808750377119,-0.282387002085471,0.510691647714699,1.04422138643496
-0.792991656118979,-0.939962192569523,0.935482587685891,0.194807088685452,-0.434146365938183,0.267314543061218,-1.31787386950844,0.0016877532985805,0.163910586421543,0.462135069768915,-0.506947976146269,0.0428435807016795,-0.462712313029794,0.127691877837159,-0.447673161181512,-0.20405041958011,-0.497907697395115,0.325568120911829,0.429225558328333,-0.117310284978707,2.89395428125904,2.19547275056503,3.39781687557681,2.69236126300261,4.01506827730977,2.27899004071666,3.85354340005053,2.84646917767578,2.35065143480212,3.50317566091152,2.49587584858565,2.86713019357627,2.92418958233001,3.14455978214363,2.92018664387104,2.5079625047665,2.39913944808517,2.19001764974719,2.64605043729297,3.01342957381382,0.61871906734207,-0.228650827543395,-0.0214116906557874,0.0290113674041976,0.424215441102642,-1.1234446669923,-0.303350147382648,0.105641846139736,0.600039478213431,-0.245951223753103
-0.938276353020937,0.309855722983068,-0.317681194412815,-0.594833329545181,-0.312172694856612,-0.0922626788279248,-0.302372332269106,-1.10278302854953,0.448533098443566,0.637437520639361,0.325760995669753,-0.568842835212408,-0.100745766973759,-0.00326065761472903,0.299397194780955,0.33417024435904,-0.367086899389248,0.0409977782067802,0.228640202307621,0.727911161073383,3.43847880055935,3.56007240814926,3.50251749136257,3.39840195801604,3.03775287200311,2.24452451493881,3.50227803848934,3.60881364296041,2.17497364425656,2.30193861465071,3.36144205352175,3.33760334970442,2.78970663877048,3.21197493705766,3.7523434400358,3.78585395881774,2.91767067378054,3.57834492454552,3.07634162138402,3.17839327148764,0.904653174866555,-0.109022947696187,-0.423816964309542,-0.32604444429653,-0.544816518671194,-0.392380954063852,-0.185254049295014,-0.702783509589321,0.00780916697480152,0.451138586893324
-0.45387809007346,0.759641961820884,0.255396044263797,0.515290292812029,-0.328917276926069,0.427262613533308,-0.545966950197657,0.445123750418254,0.0859196698967656,0.276625609992392,-0.587797302812426,-0.447534921138302,0.298614109126692,-0.4741740021121,0.231603146049562,-0.683568903230123,0.424087106333334,-0.616261657384255,0.276149968839762,0.312815466823,2.46641254052367,3.30774737910866,2.82063687420561,3.24696938356105,2.34974396927069,1.73680715809606,2.72411832214384,2.3467646718009,3.10782832356898,2.51906958053465,3.31250679125582,2.19641045979121,2.6907672793484,3.30176225776716,3.47972795740983,2.72683233777278,2.65112800626357,1.76358555011893,2.77742378989901,3.5072316043345,-0.508341564288249,-0.122040236837101,-0.0196536438138156,-0.0672483922008664,0.166929983284267,0.715683390915592,0.540883363836414,-0.656109596715703,0.311034995153024,0.664466659767705
0.193404260344601,0.545490212592983,1.00613522285038,0.511854773053491,0.124654297820864,0.522544237042377,0.0724439165484456,0.0119515216424777,-0.175707117856866,0.781706679416054,-0.409214332971001,0.766183862339058,0.249932061870186,-0.699653087400971,0.183824646495711,-1.05001325382581,0.312754008415518,0.442615741494496,-0.296177977826027,0.0617738479777912,4.24167050538235,2.64319162125368,2.63693469017724,3.58101921540537,3.75276010095517,2.70193655020779,3.21261422029091,3.00639749087273,2.50803431281301,2.54524690925185,3.63904547380073,3.67056418828584,3.03262931961645,2.09873491424668,3.81517652689625,2.75598572033887,2.28942941208912,2.99741104334903,3.64699309581623,3.01156855319063,0.207432750180955,0.231644265059053,0.021757334321733,0.279069757259253,-1.26478003884715,-0.148303729534899,0.120660967458391,-0.575507041809754,0.19316165890578,-0.102235610493061
0.877737849157745,0.786509862607428,-0.232902784559081,-0.0754188557833477,-0.0369737828041963,-0.225829738079811,0.0975124920140634,-0.379141034443795,-0.565307667468763,0.311355611950134,0.314764792110905,-0.402157879829996,0.4476777153813,-0.315788864582666,0.126582619018991,0.410172006306228,-0.0168062823518565,0.227370456070567,-0.258214821943786,-0.0982332917140486,2.52071339308743,2.49589408135974,2.37158661295432,2.13066796514294,2.28581681433119,2.97641836122513,3.3732584473688,2.42102423655406,2.92938025878234,2.82169818757843,3.5495447892056,2.0955398638503,2.34257559983374,2.01708110381164,2.49430316267303,2.31473175854755,2.66170710817,1.90084756154318,2.73752886406245,2.78748390157829,0.297514732917782,-0.278711526554161,-0.206498911071717,-0.463349154423655,-0.0157195851873882,-0.424214317095407,0.2865639066206,-0.892933245967056,-0.179814836226231,0.150553669595871
0.0919172581612522,1.34651683199025,0.174900012283954,-0.502027298421005,-0.0477321235445365,-0.888123166733226,-0.0402998746483804,-0.416528028500379,0.457695137780081,-0.274770137297767,-0.0583829578976233,-0.317778920702202,0.869425675926666,-0.160621383058956,0.916278521739601,0.407075881059133,0.241033363667693,0.18436657365876,0.196898649108126,-0.963836289672805,2.62621659138496,3.2669057578122,2.54700400676529,2.16051521066048,3.23289814401759,3.41862432237793,3.77498890074951,3.21842728536332,3.03087814182063,2.18023010828881,2.03865247663817,2.17354474910516,4.142025350003,2.6734457212353,2.43764818790194,2.30593304855905,4.07903978251375,3.44162426545578,3.9225387565622,3.00721821833372,0.147812244373548,-0.758321274710396,0.738467213059137,-0.583889775633967,0.108387781881315,-0.548651263816422,-0.294433413369348,-0.41863121552485,-0.303937630337909,-0.269561351574489
-0.274134397462539,0.416666955890154,-0.55243139653126,0.110270713506933,0.608979576152779,-0.256598182256698,-0.358959445373801,-0.115262312590125,0.589862604180355,0.0970538154766789,-0.265607147303799,0.24193832559402,-0.551146074918212,0.340679755221474,0.204303653850884,-0.153904235569442,-0.419292899223616,-0.443340461141729,0.267408668172955,0.614490251244531,2.33606862090635,3.01541470315369,1.75151596775221,2.71268848812623,2.96169383421765,2.27912417213263,2.35084153105416,2.35457651830851,2.50281264208735,2.78361574801625,2.24854191158743,1.47453418147515,2.2646584981906,2.76762496153365,1.64362511225432,2.68468054818312,2.48931476401635,3.21876317061253,2.63520213163555,2.52210785416972,0.0706285700437316,-1.0652832399036,0.384103608315869,0.107698252728144,0.254134319837295,1.96311885321816,-1.04205646974929,0.862348324880554,-0.143723759700178,0.143664452201505
-0.0227561226506211,-0.212118166699022,-0.284916464119379,0.164754367786505,-0.75858684833584,0.375289583760883,-0.208097202442627,-0.565034669520179,-0.225006428997907,0.628574608431286,-0.267667543508112,0.17922680910481,-0.365478137857737,0.37896092496181,0.342753869395102,0.924304416648206,-0.0877819727496078,0.334327402378953,0.0490337697694723,0.647935890931507,2.48361177625288,3.43395997226502,2.32729161095156,2.30815042839685,3.31970760973264,2.74259230636196,3.08266983222217,2.86115729202591,3.54047258369869,3.4242486526566,2.96937763922452,2.61197938003676,2.24093276143861,2.88150224609737,3.33926801868282,3.45734299581212,2.45090223848197,2.32217738929558,2.45767802906612,2.8667787028854,0.498285255289724,-0.233247689614099,0.320239897600412,-0.0952515529989057,0.16202851411078,-0.573845694907834,0.0426047248169505,-1.49556798545036,-0.0934480790809924,-0.81523662185757
0.602997258273408,0.388703676382256,0.233335490983041,0.76050311357969,-0.474458260412419,0.873681598957779,0.466095782130192,-0.118277643609473,0.567810073591472,-0.553146756205817,-0.412257080763837,-0.30429486161985,-0.264488854032008,-0.528278821380126,0.611541533547662,-0.129427200184916,0.17625248417844,-0.28517568320684,-0.910301650274259,0.135028679195711,2.1331192775417,2.67404956622476,1.59708761373257,4.37951321436226,3.2373521086856,2.62823695682972,3.55689381117227,2.72697824766812,3.06482452250941,3.28347776724117,3.2569100222219,3.11326239383277,2.96410901969206,3.23162298039644,1.15877251274272,2.27514014441077,2.30939617271474,2.70372004670827,2.14525211095428,3.89836502441696,0.758197027626786,0.301059160196242,0.0360184306418724,-0.106104484950576,-0.475959230011118,0.0387402592594313,0.128876270071375,-0.620880287740812,0.167088208622449,-0.0776295244123744
-0.953903778938695,-0.430192505389751,-0.206802766710822,0.943843828670095,0.278276562266879,-0.667740784549946,0.243018144708818,-0.773651994469183,0.541345526943537,-0.235562325908939,-0.0468180943695854,0.662898323771095,-0.643581784292125,-0.698559092556496,-0.291799663173002,0.519189425509658,-0.759673037738421,-1.41607779905528,-0.225579429204499,0.27587039995546,3.23445249923563,2.23927622406866,3.2818600764876,3.93718896837628,1.5165094040754,3.08037463779957,2.77537229782067,3.06336560264203,2.52611446543548,2.61929591347673,1.85099202637535,2.50864175300607,2.88378892931146,1.91747614973252,2.56141360667906,2.53102221572072,2.63239246409567,2.52623220781297,2.23896556360213,3.10772491623509,0.305108084794611,0.0784864804842171,-0.293265634781968,0.112108202145397,0.357304895318309,-1.02497063928874,0.579537032477949,-0.168127369340536,0.212744966620115,0.598623461822614
-0.685836848615233,-0.354720501213773,-0.144274347937852,-0.391876760562214,0.867468287918404,-0.428386046913396,-0.277773389743433,0.102194515801488,-0.601074763038044,-0.197840355878132,0.158726630625088,-0.166430202191256,-0.0466934294499741,-0.264666056224185,-0.757235154590383,0.160796605669619,0.877466535823621,0.00920081539171906,0.112632058623775,0.34636137755843,2.52512462360313,3.64157426083402,2.87503898036846,4.17989081437086,2.58971033834562,3.61068902331596,2.75977231188126,3.1946820083756,3.16580935895143,2.48624023360868,3.48762665577835,2.76110794644951,1.76125542844672,1.4950601518778,2.64054270278879,3.24581028230519,2.58228498888008,3.42524330536143,1.59766385597311,2.97992647114041,-0.908989612693577,0.379856147742084,-0.0472293572210014,0.209804986012059,-0.431941480294883,0.639732465828876,0.520862332029426,0.291772151505944,-0.0647586234317204,0.289928642647566
-0.353446283993674,0.427777829510356,0.82474044716196,0.535305279989593,-0.364801234903705,0.180708658636551,-0.646570771879324,0.286195155587838,0.225301706431269,-0.934908169766082,-0.580891921956182,-0.141569448371884,-0.150429873570413,-0.604738467709403,0.194489364676092,0.125736804470256,-0.0971345659892597,-0.377895750079181,0.524353563208282,0.827703556544148,2.49326229881588,2.21214407921799,3.44536927300554,2.89966491418617,2.54882937048993,3.31916306868767,2.00654555709247,3.65184153292969,2.32806349336615,2.8962353900287,2.58447323401156,2.67386629747788,2.7257638739556,3.63803112794292,2.70476607350116,2.35991275339692,3.69270412547093,1.88585586997727,2.73570427846776,2.56677376482425,0.423385387608247,-1.06361371017575,-0.0495471501206345,-0.301410327891981,0.216131475317078,0.235022093684101,-0.353812947411013,-0.356086932088022,-0.0553326842786647,-0.448321113657604
0.420991847726063,-0.184603600223723,-1.45349410966082,-0.187411028310903,-0.519271910421986,-0.815637907730473,-0.618713319111286,0.054704235916485,0.664320414124116,0.15659223693249,-0.30325169410787,0.227952097585351,-0.229545155109496,-0.347300184581572,-0.577181334116492,-0.87591440337586,-0.194961853279723,0.0790267449600659,-0.0483118350074449,-0.207983463973679,2.7520505071617,3.33609509184221,2.09408278707463,3.28050157601338,2.11877578267531,2.46567848819309,2.0886084281256,2.83992989526159,3.57780966597067,3.20600725888367,3.18050678875019,3.28361796128401,2.2205745458739,2.31003107722228,2.28891409786799,3.49064554715482,2.47467041188627,3.19179039304741,2.8837173216825,3.73183260584709,-0.204843296314749,0.356161079790081,1.14082591826942,-0.308820838466848,-0.76752012376618,-0.940005016953882,0.356356014430666,-0.941575104029292,-0.186159526468961,0.21865659351948
0.092587768414957,0.212722432092086,0.111144927900427,0.639432906656697,-0.476158190369398,-0.338497569229266,-0.386329722635412,0.415095905931305,0.450199294197532,0.225612659659254,0.591746833444964,-0.58902043368819,0.833612055775569,0.761619310856129,0.367810998622873,0.89089945438553,-0.828311603838887,-0.262224068131326,-0.367651730340976,0.360739661878672,2.30896644221589,3.23449886333957,3.76122952678469,3.45327842206897,2.76361225011625,2.12122029213494,2.06451490365068,3.63445415373248,3.62432053445398,2.68596566193855,2.51861605769956,2.227130830514,2.41624114662228,3.88658025501018,1.80249726270665,3.09835833139437,3.02498108444467,1.83233261021837,2.78832376436053,3.09321995172072,0.00624966095362517,1.43420152783338,-0.834299629439098,0.529364264941939,-0.0864008686982322,0.385960077418338,0.220653575849623,-0.366578098554998,0.11449819622967,-0.928950725699144
0.301623750285697,0.149079232995263,0.319330084321551,0.529059162543575,0.183809920104855,0.0740447098991381,-0.440534168330646,-0.356110381824525,0.593367310088666,0.718167702852989,-0.119055218156027,0.0230013736266371,-0.452307187496883,0.586378422633722,0.332708411845889,0.970608718231875,-0.439161538589869,-0.189003949509109,0.115722961262786,0.323244768862885,2.62568627291067,1.93122496441567,3.52834865640209,3.49887356962772,1.75766020747589,3.77125874225271,3.14194076565181,3.12424090971873,2.81926498338809,3.08566155478225,2.31361917004551,3.17865450085209,1.3519318239379,3.42057992437197,2.34965243824594,3.76661193837662,3.3323496273138,2.535482480217,2.77332449373581,2.62415337243654,0.709265672574018,-1.24390432826754,0.638482693044094,0.169011740550854,-0.603510823928608,-0.537656196524619,0.838196513604102,-0.472753439971366,-0.57667525529798,0.568657271182365
0.169276438142957,-0.468962788268199,0.10831248770231,-0.512876341820139,0.550410699211303,0.530685482436567,0.266003099410972,0.180830530623508,0.880594062433687,-0.000156836305887356,-0.590937062710401,0.224736956416153,1.04302352476856,-0.507379746592926,-0.180731383346993,0.208223019050726,-0.0269524245028696,-0.491151790188657,0.560928928115235,1.16002036100863,3.26808755241775,2.34565915641559,1.90915700291452,3.32080965177208,3.20447008995245,2.61376614557752,2.64374401458842,2.69107405808191,2.67152980911708,3.25071447575139,3.652344930863,1.61968263021136,3.46194044964497,3.00046307530077,3.46542949433114,2.1541644422325,2.32436120950994,2.5920732936652,3.09310081953353,3.68464354436627,0.353039456907566,-0.121340638406017,-0.513184603832946,0.615000286359575,-0.482352712875357,0.814234277386161,-0.142192324803255,0.795291036308925,0.339465645029639,-0.0684977447212291
-0.259698185913063,-0.17045393867304,0.214158346187619,0.0385782481088584,-0.296905704034353,-0.0828157051588161,0.0392885148595749,-1.06436704720741,0.229084057394349,-0.489860612358403,-0.576666201602873,-0.843672173555355,-0.896946248933945,-0.677723751556145,-0.354510478815245,0.976629568763284,-0.262939837947602,0.0888750531340157,0.200240693253164,0.0655325931079244,2.48351129846966,2.16825311147595,3.48236591517047,3.65407415231803,1.96819848991309,2.31068776674083,2.5304062750793,2.69954552273628,2.70213858796703,2.21957286625572,4.71651712117037,3.08387689067503,2.50016061290318,3.53383615516023,2.72981425604649,2.44744408297915,3.03563885525196,2.3755907548388,2.63622871652736,2.4197758387394,-0.788498241095499,-0.401412221975421,-0.036986431797189,-0.0378328021629151,0.986271088394904,-0.692993971199499,0.252794620917937,0.744556554164145,1.1357248727114,-0.202198711591981
0.2457147263601,0.284880178599323,0.0977408657766454,-0.049422600619653,0.217987694750023,-1.26612304260984,0.341034745031316,0.0630889518309836,-0.111237448389133,1.02343109785978,-0.337467009395276,-0.201537994532515,0.995776651102367,-0.416030652424928,-0.275057641468269,-0.073512711715425,0.420367241064775,0.103901253676657,-0.646312673576131,-0.266084281563595,2.76583065389799,3.09882249338422,2.85914519022136,3.21406659914431,2.3290707212294,3.86817441810938,2.85238383864436,2.80182450849596,2.77583548692243,3.2226202203873,2.95559101675155,3.41675505779876,3.39679369738809,3.13337090478482,3.88471526404601,3.57406402395549,3.19417062049153,2.1811995835896,2.42780943840122,2.9680333555423,0.0727605988841204,-0.307061282504158,0.07049134980603,0.794313464021798,0.347701237275149,-0.570504254876369,-0.0557544135714719,-0.40248324042628,-0.193849958204281,-0.206807832814821
-0.238822791302003,-0.627567685986697,-0.0638273407590951,-0.280303818423655,-1.46472434500113,1.02648601225083,0.544384827108336,-0.188150362462498,0.00940952487029921,-0.585827173658781,0.847861438905433,0.948644347386556,0.0783468641232623,0.511765322092672,0.0876433894669619,-0.668362719437965,-0.205911684481829,0.0659639833859785,-0.227273859371722,-0.109326638717518,3.37164357437477,2.3280374010289,2.67157797552114,2.23174179771551,2.57332773257343,2.53809601328094,3.28158820467225,1.32050763422798,3.62954934059496,3.71966232847401,2.06635210869487,1.49729021598511,2.14230216981227,2.56851259010497,2.0238582119467,2.78517021256847,3.60014665168333,2.74678628092406,2.60173773169815,1.57105866802376,-0.163508658804886,-0.106728389675219,0.248099593681658,-0.26765835628383,0.255749787680931,0.967577020030115,0.407750511222131,-0.0240442536653863,-0.0915752355266473,-0.178336567089936
0.590320456226072,-0.313656722975651,0.0226113544999913,0.0255989509405427,-0.250892096405766,-0.68623277394205,0.161487251808834,-0.0305019859276918,0.250120234718285,-0.266800153219583,0.610410649406524,-0.438386890605922,0.856020142008946,-0.873818254914131,0.217385032278446,0.237715341263312,-0.397778533970441,0.212196968930506,0.639759334880079,-1.10840941967703,3.15040654088669,1.30916138904749,2.20746447347924,3.76586440686199,2.66554380302183,2.6141507398623,2.67635502560622,3.92588842797078,1.75283767967569,2.32894200896717,3.68056165599237,3.69935821753255,2.20715924262711,2.27991491763595,3.95729019411122,3.39316915297021,2.75415738305936,2.83656257068248,2.9229189828493,2.65109565020107,0.165425652307789,0.725500719065668,0.439708520568702,-0.538688038492379,0.688248225009769,0.156566070006578,0.343532897929458,0.733270429639301,-0.555790124756776,-0.0179127893532315
-0.265727275679608,-0.783929712682728,0.17335498880246,1.25577827579221,-0.920038872252876,-0.0161403055247352,0.320271467537387,0.0615391008280906,-0.0565640262578702,-0.649608181722912,0.116393371470082,-0.378381988507963,-1.09496085248928,0.597296110256865,0.479192909921021,0.0258304884255399,0.114537344102851,0.537159006357781,0.112169828389041,0.452008777380657,2.31014903461883,3.20944742076057,3.35116998200221,2.93832455406335,1.99979333554377,3.09638469651825,2.13970308501888,2.93111154581987,2.79815234631096,2.12691031268955,3.67378462739922,2.68022957138652,3.31570951960672,1.78671155773489,2.87618397725166,2.05537607606554,2.0485519151769,2.25658729555235,3.57139314751499,2.7602369659238,0.534189666847008,0.302060444794259,1.15181937605239,-0.739722111569862,0.629616619893399,0.573220435200364,-0.486689419013517,0.50356666823658,0.168072481513114,-0.113738129976704
-0.411967743486,-0.359554725724593,1.02490604789296,0.000341409478741314,0.39106500076573,-0.395449690833777,-0.389926473110819,0.540992404624971,-0.674788105775766,-0.207606883952636,0.017013705536116,0.0556863009200262,-0.0895466425080781,0.197909890547962,0.346427877908906,0.367318772729665,-0.492901904333913,-0.142077548964399,0.597381430938469,0.447323593786936,1.5436691900018,2.93726090603095,1.39588514222111,3.09398606017227,3.98412743327904,2.05664547346817,2.15302491653409,3.04363477563694,1.35276122397578,2.58441293708965,3.01636720488884,2.77390960092566,2.35249224100575,2.98635597068254,2.55881546435655,2.63212202909942,2.27584426154451,3.28382266128841,2.5286551053247,3.06615551038628,-0.248466012558989,-0.0912844871897706,-0.494978896276007,-0.017503805003118,-0.405500431814422,-0.557023225080997,0.129330573927694,0.10636988792883,0.391436867474286,-0.21556278478755
0.204026423418378,0.275398786136832,0.222386903915797,-0.412826841401071,0.0746817411355944,0.182070148027331,0.00358923345397097,-1.04323882918554,0.08024481198674,1.10626551969862,-0.180019634378491,-0.364038548927661,0.186674279855699,0.156189105233286,0.596367582708207,-0.628934077954444,0.365690126287496,0.295211030625732,-0.0710732684702731,0.169343658960845,3.20049971964064,2.85531811021038,2.17800021701164,3.38981009293682,2.40532787972073,3.07917088622717,2.58168221905754,2.57998332777902,3.55505868545655,2.55911017290955,2.25149939360917,2.50882782337871,2.92815776041638,2.70038566049148,2.55264279791199,2.55952246244053,4.35374938003416,2.65924164442953,3.36448686334817,2.81255855908208,0.266679622352725,0.419734252259202,0.609097355877128,0.528684152689113,0.436098500036489,-0.157543365597054,-0.285873020978031,0.166303755162099,0.466564036170535,-0.111360350388304
0.532585982857193,0.72630837274309,-0.45816045953671,-0.41846035189814,-0.0701875294526682,0.153806334094598,-0.262283506883525,0.676101339433572,0.212033430759226,0.0197235241203697,-0.717954761934264,-0.657907908213754,0.140504625140903,-1.06629781307742,0.506318704822036,-0.0790769221861602,1.62154648479737,1.15395812530806,-0.0907245346237584,-0.0531685012656575,3.50575603749863,3.04328312345776,1.71517339718848,1.80703845336769,2.69992465639362,3.84089793670338,2.98003507721088,2.91279248886073,2.32083165897774,2.03822680537777,3.26141133394492,2.11390729997109,2.07815425024969,3.07159555852922,2.88876359085065,2.85339911919966,2.87025547720642,3.07488589669471,2.59477392620677,2.01855261017612,-0.357340338495216,0.260639952506907,0.16083927068825,0.0840299029834101,-0.49757424092669,-0.0907515810678336,-1.08853252322143,0.0892383319426949,0.714428853906784,-0.737066066021053
-2.06123366900916,-1.10554985321051,-0.794214913174841,-1.83384030397795,-1.26365482444688,-1.76898991852287,-1.55211613398526,-0.626566264098197,-1.98058680947339,-1.5585679523519,0.161041155383493,-0.00554600197430103,-0.406507186130065,0.411639957838853,0.112880761555877,0.00880662596682866,-0.487683013639125,0.65175396596738,0.332351372666555,-0.276460418683651,0.500912426840969,-0.248785419192604,-0.391001746255518,-0.379851558740144,-0.885534276544046,0.235771190209103,-0.915572439169175,-0.614221915632881,-1.03779400453927,-0.0430348463954465,-0.075160230135936,-0.163348106593182,-0.521288847335288,-0.58611687671832,0.232184931773287,-0.275275965854244,0.158179160768072,-0.442624343062111,0.0905313713855412,0.651639018658032,2.86126504682077,1.63074493999749,2.46017327245427,1.66865942452557,2.52355297402524,1.9597808192424,2.49840736775155,2.45347050344375,1.33635458119045,2.11944890612818
-2.44019319209303,-2.24149375917606,-2.19780951258577,-1.9204457991228,-1.30919591230825,-1.36727764515596,-2.12331914464693,-2.56886237248183,-1.66768409685901,-0.905837032345312,-0.496931337417427,0.210095771447496,-0.428249118704599,0.0488351883741677,-0.632249203477483,-0.896553226267288,-0.191408594806484,-0.0618644731374181,-0.198839846807302,-0.59201527911128,-0.199949531065569,0.134647376290367,-0.0224465150612685,0.0912505152996067,-0.335057600227116,0.58585895735808,-0.58808666827739,0.243780148543359,0.590945546479981,0.240454046374448,-0.101262113532415,-0.26414852333149,0.518043825523128,-0.711487462630837,-0.485062130189822,-0.198778882745861,0.618826878755999,0.189883818020448,-0.484022879255123,-0.155153852692452,2.35821200788017,2.109791451663,2.46096841976752,1.42232424906102,3.04801859308891,2.40300172529288,3.25313480704081,2.01182818550518,1.31402522632824,1.58523083656451
-1.75271695528429,-1.263229986895,-0.186691145301671,-1.70312506004617,-1.35369044467744,-1.82226943352602,-2.45954053280146,-1.30153631193276,-2.10922603492802,-1.54845035177198,-0.225974685955939,-0.394669252859837,-0.00352249274027735,-0.107804789284011,-0.185928941139333,-0.364230810840171,0.159762335391478,0.826808634246142,0.0699436164195637,0.498059107455564,-0.695110962576731,0.0788807196468847,-0.548684159485533,-0.738462463765951,-0.369685703729518,0.595949667206786,0.475007914334823,0.1215023610272,-0.766350279944965,-0.0981403256939684,0.150850004450868,0.087768114789299,-0.921896791740373,-0.445158924009936,-0.0320388820743583,0.268145454758595,-1.09806391054997,-0.0810619877399292,0.0715243849394762,0.424805994258107,2.44198157307352,2.46880769256887,1.68944393691332,1.48811285642035,2.33937995503531,2.78573186128188,2.79493390762077,2.54287338970614,2.42055029637416,2.14909081223353
-2.13863887424225,-1.56766667956643,-0.682824451314861,-1.89160121291721,-0.897945747936003,-1.53465443226216,-1.13021335861188,-1.86376276253397,-0.877373022999217,-2.07461309451176,-0.707633595962094,0.109267021205473,0.504735894297984,-0.422470719296748,-0.749507980229201,-0.0459223821674776,-0.0437176643885905,0.274159813777249,0.474797285682244,-0.029707590636247,0.927751657397132,0.112117372267646,-0.17321325300345,-0.805783679551414,-0.131329760158084,-0.168193472705568,0.480152398140735,0.231241812033427,-0.589684560816309,0.0861271932055187,0.335765585864527,0.764015679693916,0.44375198370703,0.380423327155739,0.0300429973075818,0.194156002711725,0.624752450353079,-0.666388698739825,-0.174719663608478,-0.38628437437812,2.56325515393443,2.95312378498353,2.36364522857247,1.38145275035182,1.78818715221073,2.90282637836139,2.1835289365466,2.62287275418754,1.90501908943473,1.25350866487743
-1.21578957481286,-1.78097348017137,-0.67496895305241,-1.03256797159692,-1.73026377498686,-2.22546100871566,-2.00821480704999,-2.09147042409197,-0.85694537915485,-1.77600278662332,-0.365815869454264,0.945220342577891,0.0246541657601113,0.384419837984448,-0.30411325372238,0.181557813872262,0.155554995571598,-0.944824646048076,1.00763755523032,0.645322230461274,-0.198597658072994,-0.551134870227928,0.173780806901776,0.0433488497071983,0.177834474281615,0.0957886980970448,0.253120494652963,0.723652849695903,0.284051602564323,-0.524827749454971,0.681281426356226,0.820307281744144,1.57602836725604,-0.561747016619799,0.121441006575137,-1.04104935159449,0.276574578189605,-0.274100149083386,0.961722897412477,-0.387307485009291,1.43942208382559,1.1619979912025,0.686963442069863,2.52230216212137,1.19219100686229,2.10343315954412,0.687263200456622,1.79448354509013,3.13905187607349,2.55485847690641
-1.64706095415186,-1.24353088205292,-0.785854808190468,-1.76554528764786,-1.92423522691759,-1.16575658915222,-2.5790985132229,-2.02349185068095,-1.63144682301057,-0.791891519834496,0.0113154263384346,-0.702781526928143,-0.492496562908508,0.0993400047737034,-0.0395336709322781,-0.289562054817873,-0.24041689475599,0.348083998579645,-0.258846286434607,-0.0440456220145366,1.08496829404027,-0.711841318441962,-0.925921365787329,0.391794832399303,-0.339321530647052,-0.15911876387131,-0.390578189065557,-0.129900070383756,0.799269056048171,0.40106422930906,0.431111755943489,-0.708113527896323,-0.575576868276435,-1.41953932974271,-0.404690410541377,0.478351593192829,0.258473257874185,-0.110756631476062,-0.0111501418590265,-0.344442771287703,2.29751250592211,2.9299892740514,1.51127571333253,2.12558714773121,2.58206681945385,1.57159000835596,2.51790860894287,3.94095740800268,2.35341562891984,2.8172563227784
-2.00152731108651,-0.979255411255906,-1.0186424699142,-0.770512095477107,-1.58266022619515,-1.45037786525342,-0.179541219210304,-0.831338400356222,-1.01829573062424,-1.4554239161784,0.374950119711855,0.139633919108263,-0.475455364843616,0.159260502399437,-0.495848331720155,-0.316440137442396,0.0946641536461871,0.148622136690062,-0.594616232538565,0.526992885591438,0.286003139150236,-0.352364217805442,-0.768792398224588,-0.0724522895407157,-0.22297185693058,0.0565702285265114,-0.181558330577783,-1.0037284303725,-0.194173469150579,-0.152809555534156,0.316830512387029,-0.349099837305525,0.839337336686283,-0.955820275325879,0.655583748901312,-0.112159485439052,0.429792436171778,0.0399007420293665,0.569777768012735,-0.193680982276406,1.5598242142714,3.31408208198981,2.08526840912454,2.75225476158307,2.81081893278976,1.89619179109407,2.94027915811259,1.84702433319419,2.19943201844107,2.62279851025404
-2.84772192151126,-2.43958748521753,-0.564086814968084,-1.22404569122865,-1.75610455572745,-1.19919461333623,-1.19845879186877,-0.818018772293592,-1.54832258645285,-1.25334960484139,0.573015072071033,-0.388685742422953,0.779394592248447,-0.765230704871688,0.814821065556399,-0.186337791975987,-0.121349373912641,-0.945005085591471,-0.227397358688846,-0.519903265513442,-0.303823172686736,-0.0686554828944398,0.478895807236453,0.103801675700313,0.153838326700557,-0.547759694422781,-0.440377044801365,0.899362509175656,-0.367600517381623,0.828104126028648,-0.121530599440433,0.00114396807175202,0.535182580114965,0.635946210969328,-0.0554062801395437,-0.194121526760769,-0.0279602242611066,0.168978764116059,0.445651843434878,0.00211492949707579,2.46954219983256,2.62291218138362,3.03355692250787,2.21489708870125,1.48817140273623,1.23143693242081,2.21163969349572,1.85022751039292,2.01872985157508,1.78384218271946
-1.6628969250478,-0.710890992581371,-1.11134530159677,-1.90618653364003,-1.12070790829102,-1.25557205430309,-1.51515884146117,-1.20756101176358,-1.65147940513403,-1.38051332404787,0.00641432177184256,0.239913517683417,-0.134322876654871,-0.918179891885199,-0.216386941794194,0.396909233571908,-0.148688039621553,-0.123191701257274,0.493188252952969,-0.355986613629461,-0.77140160912145,-0.0803155597627472,-0.242086975624369,-0.483123159876627,-0.0876892279493454,0.245752823623392,-0.00464428078390787,0.153490536343119,0.906703849257712,-0.171439430778782,0.139174317322335,-0.254606681299567,-0.423179859943486,-0.292453826708885,-0.239379285760844,0.179737898773563,1.17453789335038,-0.35802171813792,-0.208312652807731,-0.0315615065556241,2.3115276012945,2.40528700527201,2.76106232792651,0.523768681776672,1.48478845176337,1.98312236017968,3.17799572910038,1.33916510914307,0.432180235645892,2.56634397918615
-1.18730427435306,-1.87558606133436,-2.5540921450529,-1.72960663310567,-2.1770988580046,-1.94429567201082,-1.28058458170584,-3.0701854374685,-2.68740425733949,-1.76494907927609,-0.128170339186246,-0.269023879245069,0.398921889947883,-0.929668385830029,0.022745738165376,0.279168211605853,0.928323718280977,-0.240882985546738,0.162229302176259,-0.901931396281182,-1.19597810215651,0.42238718789085,-0.00278014682403528,0.589256344899211,-0.686701444484875,0.259951069764376,0.934408920271927,0.209852804178633,0.138290752795524,0.00427804041217492,-0.785440728562956,0.677786467855174,-0.305428819902533,0.252241628191508,-0.781517153285627,-0.58972983225389,0.717543699611118,-0.173651144478921,0.726637738021272,-0.0391153295292589,1.21431497562261,2.29270536246845,2.34598911875845,2.36266333989032,1.66052551833137,1.82689070221576,2.1308579779415,3.11576440329171,1.91687695314824,2.69352356947637
-0.626202923340634,-1.16820590842687,-1.40487582895797,-1.52808124863578,-1.38977775890078,-1.49034243181563,-1.96345329323745,-0.699946451683943,-1.36040487746747,-2.21343826713474,0.498816038460122,-0.143397117869135,0.379757443743054,-0.145879316129269,-0.0299130717649518,0.246780102167146,0.145448528795003,-0.997765890225869,-0.560621870047196,0.464704992395408,-0.0660682944507736,-0.261865651385711,-0.679287007628737,-0.539868160637924,-1.01089931998097,-0.0506403593507664,-0.299218790290523,-0.483293945492658,-0.0340617125839765,0.181985315426369,1.04659896610497,-0.755941709781607,0.579690521650261,0.486550780507536,-0.38954636968835,0.101617977293016,-0.228816624668808,0.0928442902093695,0.754565506702275,0.302803116315656,2.06746001045381,2.00238018423437,1.73175776429996,2.22228097463073,2.7854077838343,0.925916314218951,1.42953786518147,2.31947396952979,1.47152038658027,1.86474611444202
-1.46404945889267,-2.73672747827485,-2.56706884742249,-1.22531128120488,-2.15023036469249,-2.60813400971989,-2.14345204043514,-0.892224729427253,-1.44049436405743,-1.33558630865282,0.0221793987578035,-0.872853716429826,0.247352826887516,0.191717515701822,-0.204654237047861,0.502962255898208,-0.563748049476519,0.563954496626785,0.0772468327976256,-0.168276294939087,-0.00993681768415578,-0.0536323829054709,0.610141448208859,-0.538339563735507,-0.381259619573299,0.51815144603624,-0.29776746759193,0.450266538665796,0.849717991504355,-0.200897513470817,0.340681163287653,-0.576846140669929,0.377366649033905,0.0997119929933836,0.236519141080108,-0.322786036017698,-0.830541707783586,0.251626032374752,-1.03170157623973,-0.158675246121267,2.87511395585453,2.58469973367655,2.8063175150511,3.37154839278457,2.10329460920345,2.213142443825,2.50317562365077,2.11853394992693,1.29818451144076,1.85204075376266
-2.64082973292819,-1.67624163091125,-1.21955823096814,-2.19988727921094,-0.893717392086929,-0.872423684581369,-1.55178787863545,-1.441989467601,-1.11403113731438,-0.67169630137746,0.153701784859844,-0.41230612521738,0.13830038275559,0.597740325412739,-0.298314529305865,1.04896966956622,-0.262815466992692,0.0162035066700681,-0.336242798003168,0.11163541796013,-0.871110846317638,-0.273020899408361,-0.546060600174284,0.0676691739461455,0.497223687754454,0.323003093557276,-1.18582968042945,1.02103482646394,0.147639970310434,-0.3882495702465,0.0785639594954704,0.0880949112513462,-0.333424358475782,0.0989583336710377,-0.303736143810154,-0.202180996345011,-0.343139567877542,-0.716335644869826,0.072918235107692,0.292649718258169,1.74391230007619,2.66775808611202,2.47178837758498,1.92188861625872,2.4234718609161,0.906386875222535,1.86172441376729,2.15453030946298,2.56272249284963,2.80341223577698
-1.3124444443949,-0.950753071440707,-1.72095361619605,-1.26899815076477,-1.61667567834262,-0.83209850338474,-1.11473335307556,-2.23414377401108,-1.03956392930642,-1.03288738544832,-0.334172597423401,-0.030537835676188,-0.529220316820826,-1.24903050874647,0.100229815706864,0.304452678127316,0.131033404543363,-0.974780858877184,-0.175424715038237,-1.10917388002554,0.684850553827092,-0.543027291059043,0.627701804729948,0.472934821842073,-0.450295176268031,-0.566392475633873,0.175185108193169,-0.422162018591536,0.0512423210791038,-0.241413795403459,-0.890579207232817,-1.11523400956223,0.113342124247299,-0.280778873165313,-0.276544908457066,0.347931919546893,0.586721138316222,-0.136272360680905,-0.170299353454931,0.250071516556942,1.0510889211242,2.4487404464816,2.35792829658768,2.31138971902794,1.00351455638393,1.70123889048563,1.87559836829603,1.85629451684595,2.32123769041364,2.93591367032325
-2.05073466069013,-2.80750280542575,-0.551818055593967,-1.4866596948528,-0.653908558817781,-1.19399890712207,-1.8624947030546,-1.82886768704873,-2.26336871599407,-0.726623276506293,0.594298411543504,0.92468107069319,0.42155266616162,0.581419288767493,-0.290008166326842,-0.578207908371928,0.425039666208777,0.2088403761197,0.0537221871704463,0.193685740316495,0.161592741229103,0.641908429926781,0.647492792408478,0.272110176170174,0.422901436281464,0.257031276212388,-0.230584866017309,0.37828233745657,-0.697247534429631,0.526945776147942,-0.597261469883018,0.142901643397366,-0.422576979213079,0.276694491537213,-0.0169626129639544,-0.797377979081666,0.210349815509239,-0.288960388416355,0.440573360406685,0.000662844367203615,2.06799872533446,2.2602150829949,1.64928524026792,1.76984960785941,2.33485885517453,3.57823257004418,1.96328569270841,2.45744647045575,1.44703075879514,1.66311490774052
-2.26343149804695,-2.19275522553037,-2.41852468676422,-1.15364396034723,-1.49687266860041,-1.39656647274764,-0.805548467217496,-1.25979437308973,-0.913234357761277,-1.26759549994383,-0.593496694152872,0.528907090410398,-0.294556066390563,-0.467798149381213,-0.0889589379021991,-0.456405459648257,-0.208715190994716,0.172026960781733,0.174170869623063,-0.448915033212815,-0.243852686474372,0.537166502385122,0.248200058866971,1.03753251967427,0.590064086870764,0.57214653427997,-0.693934275227901,0.381930175816711,-0.0265534008484553,-0.275490901769125,0.0840076702662643,0.472605767305742,0.250415795502106,-0.43923690067103,0.37122945679631,-0.318793771037982,0.108341559482143,-0.151675033738567,-0.109433125867813,0.383121487520255,1.7570791664255,3.06925437451273,1.06463216926566,2.00249598808895,2.22157977597219,3.03718377209019,1.76897480814122,2.63215168035571,2.37187938802447,2.17419098147749
-0.170457898844855,-1.4821234197282,-0.857626198551052,-2.33209117823427,-1.86033190862114,-1.2644330624054,-1.67627731714288,-2.08806879583382,-2.29410066146805,-1.16284253107645,-0.535095781447166,0.85952030642091,-0.448166329296031,0.109651168600218,0.395929655194034,-0.285320215100056,0.426234321716475,-0.614591798900208,0.72605884959128,0.00707463248287915,-0.29820570398444,-0.149590886213717,0.40445963469636,-0.292227645925219,-0.374678844711389,-0.110768298791869,-0.588481056384984,0.910271953970908,-0.283197295607362,0.415808393090202,0.104735041823886,-0.492267025240984,-0.00297735460636469,0.392001389655374,-0.0941306675431533,0.596556472925514,0.510757696390932,0.459457427329165,-0.229828386136498,-0.539921223890743,2.14315352730743,2.10904568183203,2.73216787217577,0.301951141005423,1.97994653922754,2.00182577045927,1.6851760681307,2.78115046808425,2.52661502757994,3.06589395359024
-1.68519219210032,-0.842007332862381,-0.812172616996342,-0.628998705146928,-1.43636466742485,-1.23037130281788,-1.67891017708007,-0.91605256181106,-1.13663998301867,-1.59704802518301,0.0339192569584688,-1.00996366607807,0.720972502900945,-0.256187120338347,0.0279319699222485,-0.154824856994031,0.573013787506708,-1.41875322069869,-0.00830517116295449,-0.0529093787488489,-0.226818193795841,0.863113272817816,-0.443664729427886,0.385898088617831,0.178126394353042,0.630759626267758,-0.333594542388753,-0.366484449561879,0.548034953738699,0.212660654165055,-0.772468673338379,-0.269652507231635,0.19319132692403,0.418882110773295,-0.339615326596478,-1.45712799490847,0.261611592868517,-0.610160344971988,-1.00866939906121,-1.41616296249207,2.67925345725899,2.06460068573442,2.19787674099142,2.93179788993664,2.79947919189234,3.24123103224041,1.51277518809269,1.91354878617464,1.19575826577637,1.92037202618086
-1.38960175013274,-1.44264277329242,-1.55146222372108,-1.18539710446604,-1.41196912535175,-0.566718239312633,-2.09161731501847,-1.83255357163865,-1.24806769878354,-1.51080723365237,0.740980384218268,-0.141609019472616,-0.282788183936995,-0.235657860575559,0.35920871173582,-0.0788734916157426,-0.320833410065191,0.832675958811765,-0.428084920330875,0.0177830370164968,0.326153075805115,-0.815667555208537,0.240130250702962,-0.527553837740225,0.411391390417001,-0.481325505959488,0.34638451592443,0.552916533147356,0.430718262816402,0.125658324119051,-0.11565047146485,-0.288209788167422,0.735517345408552,-0.349747610083822,-0.518533036784998,0.332684467516415,-0.398068401593248,-0.475031748733064,-0.721802131084882,-0.241454919730259,2.06406258787688,2.40196099210728,2.89020543918816,2.44811335392828,2.10940132659355,2.14389405331014,2.30030714051789,2.5586674041714,1.73652573054839,1.75688976547173
-1.86773878533105,-2.51203360049685,-1.55686137565688,-1.49910228860622,-0.673060677481838,-1.88927328697425,-0.244977040072503,-2.01149444452911,-0.912030023425081,-1.73013144167493,-0.304175382339669,0.296265153658881,0.204818059341997,0.178486379633463,0.0406392110280994,-0.0189465408584154,1.19418599643522,0.592128322598086,0.361413447492756,0.0558995791016941,0.503578600298335,0.258997388195726,0.0131023763870178,-0.151782162632958,-0.0404586688313441,-1.58521286793903,0.105300419648821,-0.24423804005518,0.796334999141442,0.00967203540587715,-0.594481709767481,-0.0249400770640588,-0.523060542531252,0.236703707856233,0.145473682169743,0.478919815554134,-0.395440895847283,0.0170040481140734,-0.682510897713318,0.350747390962357,2.6013792262004,2.23702907910192,2.12946740445069,2.54731583161809,3.1583764030811,1.73359301582918,2.56844039879114,1.99514187721594,1.42691456203527,2.00175558565431
-0.548298722280677,-1.97949070193763,-1.1784658408246,-1.50290614899623,-1.46794994709145,-0.82622881629884,-2.27698709286586,-1.40135694701772,-2.63278271576073,-1.1681949934068,-0.634999298696938,0.334420065273109,0.335972303907249,0.192101036002948,-0.497214260899896,0.124774094799039,-0.591528092367195,-0.126381627548093,0.514706550477663,0.398350963535371,0.00759147127021656,-0.487403287961421,0.322793856087097,0.00969061884901261,-1.16015779911521,0.391314913158259,-0.0121164169348461,0.601225623991536,-0.547635259421402,-1.588351906598,0.139541929172593,0.145781838340986,-0.845335813803226,-0.489249772933303,1.37760887185995,-0.152805307076902,0.365479488188108,-0.325329913684192,-1.04515144942658,-0.0851291233979528,2.42452492480081,1.95600482428922,1.47674619801125,1.91222968440301,2.05013063682135,1.21908412094094,2.31906526459004,1.23503298644386,1.61349765256832,2.48245407248245
-1.58149424645258,-1.59832607391558,-2.347389210808,-1.75131087499887,-1.68989645147003,-2.45919059566899,-1.69597641034872,-1.15058654094376,-0.768818282156145,-1.95763837152843,0.378244177158049,-0.957030035293734,0.329725620556806,-0.401974207363741,0.153672808353985,-0.123876209119855,0.660207004891917,-0.437217824169959,0.313803148780916,-0.139753731648267,-0.0791527390048319,-0.0919269465796048,-0.422836552247056,-0.00704948295333579,-0.0313241110609108,0.120620124203365,0.0422525728464313,0.398997274806118,0.461754308023684,-0.525311660913901,0.434386250295386,-0.593168213554927,0.293927944068868,0.309869392351434,-0.955658445831252,0.0464896232647048,-0.234248056680158,-0.379382628967687,0.675426165349503,-0.326839570318709,2.1185740753128,2.66647551861358,2.97308777395483,2.21460208501061,2.19419852848293,2.6037352906032,1.42541430647835,1.91094638661587,2.44245411134673,2.69763054515495
-2.49259887669875,-0.210032483058843,-1.8080885932687,-1.77477964381694,-1.31396985645704,-0.335502525647098,-1.16092594681161,-1.32626430177507,-1.90273164662709,-0.985282002818608,-0.237897722002451,-0.413055995857271,-0.343507049849749,-0.675277982171492,-0.0379357253425117,-0.842333788613193,0.0954582620718553,-0.0181653040211709,0.0734676491933439,-0.261065785009996,1.53843018509025,0.680057950090156,-0.622271250042361,0.116434043713449,-0.304003071468662,-0.507239863353707,-0.670036035561967,0.216108345379627,-0.340690117534787,0.483913012012602,0.49689110726522,0.686957192605725,-0.426193383037052,0.237682805346005,0.31622710832115,-0.237089087551982,-0.385885978696438,0.804760332887986,0.113747937866027,0.317983875355869,1.95944400723187,1.91627198010065,2.01528606813221,1.3901461564864,1.51814831115022,2.55422800384916,1.11347000393626,1.57293453719398,2.22200472996752,3.03707203869948
-1.30130599057848,-2.40171538495927,-1.93063496903236,-1.48511788619323,-0.801492458078673,-0.869372143864605,-1.32755508271384,-2.70407449481213,-1.35934736547266,-1.89438232278411,-0.259126319430601,0.662638045218519,0.413557714282884,0.0789871561257258,-0.635959500556361,0.105698283735329,0.531328645393763,-0.187816832882768,0.675557044993358,0.646372644759103,0.831866416071737,0.152621563265676,0.293695849903006,0.707093644165545,0.223696968534488,-0.250617053895106,-0.224271418263931,0.11927747688687,-0.645280710973109,-0.0716294576820963,0.548273559115127,-1.09562692558264,0.767241050897257,0.56118710935158,-0.229882307915238,0.271695413935905,0.00157386345316332,0.614995184219342,0.491341571384971,-0.700035361591505,2.99807894395749,1.83202540463616,2.28560568537578,1.63176583518588,3.25855192626983,2.87293583312399,2.0736260894975,1.63227023085725,2.88778554642762,2.10887419354243
-1.55632008057724,-1.16213713839585,-1.38880658587597,-1.33730207029582,-1.14731863445752,-2.10528932361844,-1.82855876220613,-0.811738411553781,-1.52422947465416,-1.36808394501557,-0.159374157623067,-0.514905924270923,-0.0616720320230552,0.154523721516327,-0.327843859730722,-0.117855622428334,-0.469731620992991,0.559622458782048,-0.147227878794017,0.726377772563092,0.764373925270454,-0.0405229823608719,-0.504224366273675,-1.04294893886667,-0.736018536513396,-0.68691741244933,0.689234813730752,0.057912293613473,0.194802262045994,-1.11021050446756,-0.598983214608631,0.443539888223143,0.143387056191293,-0.0736026393427986,0.282421179300061,0.817898903067907,-0.110521231768525,0.0346849013290347,0.0962984593656526,1.196054817637,0.637140861459533,2.42368444718397,1.67220239595239,2.03564718209029,1.57091932674325,1.89886081294129,2.26931985914773,3.91192078565554,2.45216137637544,1.722112828523
